objectid,filename,youtubeid,vimeoid,title,creator,date,description,Mode,location,latitude,longitude,source,identifier,type,format,language,rights,rightsstatement,Source,Source type,Source instrument or voice,Location,Date,Original location,Main Region from Appendix B,Subregion from Appendix B,Original tonality,Original tonality directional,Secondary modes,Modulation measures,One_Mode
No001,beregovski001.png,,,No. 001,Beregovski (trans.); Malin (encoded),,Dobridyen',Minor,,,,2001,,listening,image/png,eng,,http://rightsstatements.org/vocab/NoC-US/1.0/,Gurevich,recording,Voice,Odessa,1930,Bobruisk,,,D,Up P5,,All minor,yes
No002,beregovski002.png,,,No. 002,Beregovski (trans.); Malin (encoded),,Dobridyen',Freygish,,,,2001,,listening,image/png,,,,"Bergelson, D.",transcription (Beregovski),-,Kyiv,1937,Uman',,,-,-,,All freygish,yes
No003,beregovski003.png,,,No. 003,Beregovski (trans.); Malin (encoded),,Dobridyen',Freygish,,,,2001,,listening,image/png,,,,"Bakagan, G.",transcription (Barkagan),Clarinet,Kalinindorf,1936,-,,,-,,,All freygish,yes
No004,beregovski004.png,,,No. 004,Beregovski (trans.); Malin (encoded),,Dobranotsh,Freygish,,,,2001,,listening,image/png,,,,"Sakhnovsky, B.",manuscript notation,Violin,-,-,-,,,E,Down m3,C major,17-24,no
No005,beregovski005.png,,,No. 005,Beregovski (trans.); Malin (encoded),,Dobridyen',Minor,,,,2001,,listening,image/png,,,,"Barkagan, G",transcription (Barkagan),Clarinet,Kalinindorf,-,-,,,E,Down m3,,All minor,yes
No006,beregovski006.png,,,No. 006,Beregovski (trans.); Malin (encoded),,Dobranotsh,Minor,,,,2001,,listening,image/png,,,,"Makonovetsky, A. E. ",transcription (Makonovetsky),Violin,Khabno,-,-,Kiev,Khabno,C,Down P5,Bb major,18-26,no
No007,beregovski007.png,,,No. 007,Beregovski (trans.); Malin (encoded),,Dobranotsh,Minor,,,,2001,,listening,image/png,,,,"Sakhonsky, B.",manuscript notation,Violin,Kalinindorf,-,-,,,G,-,Bb major,17-32,no
No008,beregovski008.png,,,No. 008,Beregovski (trans.); Malin (encoded),,Mazltov (Dobranotsh),Minor,,,,2001,,listening,image/png,,,,"Makonovetsky, A. E. ",transcription (Makonovetsky),Violin,Khabno,-,-,,,G,-,Bb major,18-30,no
No010,beregovski010.png,,,No. 010,Beregovski (trans.); Malin (encoded),,Dobranotsh (mazltov),Altered Dorian,,,,2001,,listening,image/png,,,,"Triplik, I.",recording,Flute,Slavuta,1929,,,,C,Up P4,C major,second section,no
No011,beregovski011.png,,,No. 011,Beregovski (trans.); Malin (encoded),,Dobranotsh,Minor,,,,2001,,listening,image/png,,,,"Makonovetsky, A. E. ",transcription (Makonovetsky),Violin,Khabno,-,-,Kiev,Khabno,G,-,,All altered dorian,yes
No012,beregovski012.png,,,No. 012,Beregovski (trans.); Malin (encoded),,Dobridyen',Freygish,,,,2001,,listening,image/png,,,,Anonymous,transcription,-,-,-,-,-,-,A,Up M2,,All minor,yes
No015,beregovski015.png,,,No. 015,Beregovski (trans.); Malin (encoded),,Freylekhs (tsu der khupe),Freygish,,,,2001,,listening,image/png,,,,"Barkagan, G",transcription,Clarinet,Kalinindorf,1936,-,Old Jewish Agricultural Colonies,Kalinindorf,D,Up P5,,All freygish,yes
No016,beregovski016.png,,,No. 016,Beregovski (trans.); Malin (encoded),,Freylekhs (fun der khupe),Minor,,,,2001,,listening,image/png,,,,"Gamerberg, M.",recording,Voice,"Medzhibodzh, Podolia",1913,-,Podolia,Medzhibodzh,-,-,G freygish,,no
No019,beregovski019.png,,,No. 019,Beregovski (trans.); Malin (encoded),,,,,,,2015,,N/A,image/png,,,,"Makonovetsky, A. E. ",transcription (Makonovetsky),Violin,Khabno,-,-,Kiev,Khabno,A,Up M2,Bb major; G altered Dorian; G minor,skip,no
No020,beregovski020.png,,,No. 020,Beregovski (trans.); Malin (encoded),,Taksim,Altered Dorian,,,,2015,,listening,image/png,,,,"Slobodskoi, M.",recording,Clarinet,"Brusilov, Kiev",1935,,Kiev,Brusilov,C,Up P4,C major,37-54,no
No021,beregovski021.png,,,No. 021,Beregovski (trans.); Malin (encoded),,Doyne,Freygish,,,,2015,,listening,image/png,,,,"Barkagan, G",transcription,Clarinet,Kalinindorf,1936,-,Old Jewish Agricultural Colonies,Kalinindorf,G,-,,All minor,yes
No022,beregovski022.png,,,No. 022,Beregovski (trans.); Malin (encoded),,Doyne,Altered Dorian,,,,2015,,listening,image/png,,,,"Pulver, L. M.",recording,Violin,Kiev,1929,-,Kiev,"Boguslav, Brusilov, Zvenigorodka, Korostyshev, Makarov, Uman', or Fastov",A,Up M2,C major,,no
No023,beregovski023.png,,,No. 023,Beregovski (trans.); Malin (encoded),,Skotshne,Freygish,,,,2001,,listening,image/png,,,,"Shteingart, M.",recording,Violin,"Podolia, Bogopol",1913,-,Podolia,Bogopol,A,Up M2,C major,,no
No024,beregovski024.png,,,No. 024,Beregovski (trans.); Malin (encoded),,Skotshne,Freygish,,,,2001,,listening,image/png,,,,Anonymous,transcription,Violin,-,-,-,-,-,F#,Down m2,,All minor,yes
No025,beregovski025.png,,,No. 025,Beregovski (trans.); Malin (encoded),,Skotshne,Freygish,,,,2001,,listening,image/png,,,,"Dulitsky, B.",recording,Clarinet,Kiev,1935,-,Kiev,"Boguslav, Brusilov, Zvenigorodka, Korostyshev, Makarov, Uman', or Fastov",-,-,G major,opening section ; 41-46,no
No026,beregovski026.png,,,No. 026,Beregovski (trans.); Malin (encoded),,Skotshne,Freygish,,,,2001,,listening,image/png,,,,"Gulerman, Z.",recording,Flute,Kiev,1935,-,Kiev,"Boguslav, Brusilov, Zvenigorodka, Korostyshev, Makarov, Uman', or Fastov",-,-,C altered Dorian,16-27,no
No027,beregovski027.png,,,No. 027,Beregovski (trans.); Malin (encoded),,Skotshne,Freygish,,,,2001,,listening,image/png,,,,"Gulerman, Z.",recording,Flute,Kiev,1935,-,Kiev,"Boguslav, Brusilov, Zvenigorodka, Korostyshev, Makarov, Uman', or Fastov",-,-,G major,opening section,no
No028,beregovski028.png,,,No. 028,Beregovski (trans.); Malin (encoded),,Freylekhs,Freygish,,,,2001,,listening,image/png,,,,"Cherniavsky, B.",recording,Clarinet,Belaia Tserkov,1935,-,Kiev,Belaia Tserkov,-,-,,All freygish,yes
No029,beregovski029.png,,,No. 029,Beregovski (trans.); Malin (encoded),,Skotshne,Freygish,,,,2001,,listening,image/png,,,,"Bergelson, D.",recording,Voice,Kiev,1931,Uman',Kiev,"Boguslav, Brusilov, Zvenigorodka, Korostyshev, Makarov, Uman', or Fastov",-,-,,All freygish,yes
No030,beregovski030.png,,,No. 030,Beregovski (trans.); Malin (encoded),,Freylekhs,Freygish,,,,2001,,listening,image/png,,,,"Roitenberg, D.",transcription,Violin,Moscow,1926,Belarus,-,-,-,-,C minor; G minor,6-13; 14-25,no
No031,beregovski031.png,,,No. 031,Beregovski (trans.); Malin (encoded),,Freylekhs,Freygish,,,,2001,,listening,image/png,,,,"Makonovetsky, A. E. ",transcription (Makonovetsky),Violin,Khabno,-,-,Kiev,Khabno,A,Up M2,C minor,28-42,no
No032,beregovski032.png,,,No. 032,Beregovski (trans.); Malin (encoded),,Skotshne,Freygish,,,,2001,,listening,image/png,,,,"Shteingart, Ia.",recording,Clarinet,"Podolia, Bogopol",1913,-,Podolia,Bogopol,-,-,C minor; Bb major; C minor; Bb major ,18-21; 22-25; 26-29; 30-33,no
No033,beregovski033.png,,,No. 033,Beregovski (trans.); Malin (encoded),,Lekhaim,Freygish,,,,2001,,listening,image/png,,,,"Makonovetsky, A. E. ",transcription (Makonovetsky),Violin,Khabno,-,-,Kiev,Khabno,C,Up P4,C minor; Bb major; C major; C minor,10-13; 14-17; 26-37; 38-42,no
No034,beregovski034.png,,,No. 034,Beregovski (trans.); Malin (encoded),,Skotshne,Freygish,,,,2001,,listening,image/png,,,,Anonymous,transcription,-,-,-,-,-,-,G,-,,All freygish,yes
No035,beregovski035.png,,,No. 035,Beregovski (trans.); Malin (encoded),,Freylekhs,Freygish,,,,2001,,listening,image/png,,,,"Makonovetsky, A. E. ",transcription (Makonovetsky),Violin,Khabno,-,-,Kiev,Khabno,A,Up M2,C minor; Bb major,10-13; 14-18,no
No036,beregovski036.png,,,No. 036,Beregovski (trans.); Malin (encoded),,Freylekhs,Freygish,,,,2001,,listening,image/png,,,,"Slobodskoi, M.",recording,Clarinet,Kiev,1935,-,Kiev,"Boguslav, Brusilov, Zvenigorodka, Korostyshev, Makarov, Uman', or Fastov",C,Up P4,C minor; F major,10-17; 18-23,no
No037,beregovski037.png,,,No. 037,Beregovski (trans.); Malin (encoded),,Nign,Freygish,,,,2001,,listening,image/png,,,,"Sakhnovsky, B.",transcription,Violin,-,-,-,Kiev,"Boguslav, Brusilov, Zvenigorodka, Korostyshev, Makarov, Uman', or Fastov",E,Down m3,C major; D freygish,18-21; 22-26,no
No038,beregovski038.png,,,No. 038,Beregovski (trans.); Malin (encoded),,Nign,Minor,,,,2001,,listening,image/png,,,,"Magaziner, Ia. S.",transcription,Violin,Kiev,1937,-,Kiev,"Boguslav, Brusilov, Zvenigorodka, Korostyshev, Makarov, Uman', or Fastov",-,-,,All freygish,yes
No039,beregovski039.png,,,No. 039,Beregovski (trans.); Malin (encoded),,Skotshne,Minor,,,,2001,,listening,image/png,,,,"Cherniavsky, B.",recording,Clarinet,Belaia Tserkov,1935,-,Kiev,Belaia Tserkov,-,-,C minor,12-19,no
No040,beregovski040.png,,,No. 040,Beregovski (trans.); Malin (encoded),,Skotshne,Minor,,,,2001,,listening,image/png,,,,"Sakhnovsky, B.",transcription,Violin,-,-,-,Kiev,"Boguslav, Brusilov, Zvenigorodka, Korostyshev, Makarov, Uman', or Fastov",E,Down m3,,All freygish,yes
No041,beregovski041.png,,,No. 041,Beregovski (trans.); Malin (encoded),,Freylekhs,Minor,,,,2015,,listening,image/png,,,,"Gulerman, Z.",recording,Flute,Kiev,1935,-,Kiev,"Boguslav, Brusilov, Zvenigorodka, Korostyshev, Makarov, Uman', or Fastov",-,-,,All freygish,yes
No042,beregovski042.png,,,No. 042,Beregovski (trans.); Malin (encoded),,Skotshne,Minor,,,,2015,,listening,image/png,,,,"Komendant, M. G. ",transcription,-,Kremenets,1885,-,-,-,-,-,C minor; Eb major; C minor,9-12; 13-24; 25-36,no
No043,beregovski043.png,,,No. 043,Beregovski (trans.); Malin (encoded),,Skotshne,Minor,,,,2015,,listening,image/png,,,,"Makonovetsky, A. E. ",transcription (Makonovetsky),Violin,Khabno,-,-,Kiev,Khabno,D,Up P5,,All minor,yes
No044,beregovski044.png,,,No. 044,Beregovski (trans.); Malin (encoded),,Skotshne,Minor,,,,2015,,listening,image/png,,,,"Magaziner, Ia. S.",transcription,Violin,Kiev,1937,-,Kiev,"Boguslav, Brusilov, Zvenigorodka, Korostyshev, Makarov, Uman', or Fastov",E,Down m3,,All minor,yes
No045,beregovski045.png,,,No. 045,Beregovski (trans.); Malin (encoded),,Skotshne,Minor,,,,2015,,listening,image/png,,,,Knaifel,transcription,Bass,Vinnitsa,1937,-,Vinnitsa,-,A,Up M2,Bb major,18-28,no
No046,beregovski046.png,,,No. 046,Beregovski (trans.); Malin (encoded),,Skotshne,Minor,,,,2015,,listening,image/png,,,,"Cherniavsky, B.",recording,Clarinet,Belaia Tserkov,1935,-,Kiev,Belaia Tserkov,G,-,,All minor,yes
No047,beregovski047.png,,,No. 047,Beregovski (trans.); Malin (encoded),,Skotshne,Minor,,,,2015,,listening,image/png,,,,"Sakhnovsky, B.",transcription,Violin,-,-,-,Kiev,"Boguslav, Brusilov, Zvenigorodka, Korostyshev, Makarov, Uman', or Fastov",A,Up M2,Bb major,29-36,no
No048,beregovski048.png,,,No. 048,Beregovski (trans.); Malin (encoded),,Skotshne,Minor,,,,2015,,listening,image/png,,,,"Sakhnovsky, B.",transcription,Violin,-,-,-,Kiev,"Boguslav, Brusilov, Zvenigorodka, Korostyshev, Makarov, Uman', or Fastov",D,Up P5,Bb major,13-18,no
No049,beregovski049.png,,,No. 049,Beregovski (trans.); Malin (encoded),,Freylekhs,Minor,,,,2015,,listening,image/png,,,,"Ziserman, V.",transcription,Bass,Vinnitsa,1932,-,Vinnitsa,-,G,-,,All minor,yes
No050,beregovski050.png,,,No. 050,Beregovski (trans.); Malin (encoded),,Skotshne,Minor,,,,2015,,listening,image/png,,,,"Slobodskoi, M.",recording,Clarinet,Kiev,1935,-,Kiev,"Boguslav, Brusilov, Zvenigorodka, Korostyshev, Makarov, Uman', or Fastov",G,-,G freygish,10-17,no
No051,beregovski051.png,,,No. 051,Beregovski (trans.); Malin (encoded),,Skotshne,Minor,,,,2015,,listening,image/png,,,,"Makonovetsky, A. E. ",transcription (Makonovetsky),Violin,Khabno,-,-,Kiev,Khabno,A,Up M2,,All minor,yes
No052,beregovski052.png,,,No. 052,Beregovski (trans.); Malin (encoded),,Skotshne,Minor,,,,2015,,listening,image/png,,,,"Makonovetsky, A. E. ",transcription (Makonovetsky),Violin,Khabno,-,-,Kiev,Khabno,D,Up P5,G major; G altered Dorian,13-20; 20-27,no
No053,beregovski053.png,,,No. 053,Beregovski (trans.); Malin (encoded),,Skotshne,Minor,,,,2015,,listening,image/png,,,,Anonymous,transcription,Violin,Kiev,1929,-,Unknown,-,-,-,Bb major,18-25,no
No054,beregovski054.png,,,No. 054,Beregovski (trans.); Malin (encoded),,Skotshne,Altered Dorian,,,,2015,,listening,image/png,,,,"Cherniavsky, B.",recording,Clarinet,Belaia Tserkov,1935,-,Kiev,Belaia Tserkov,G,-,,All minor,yes
No055,beregovski055.png,,,No. 055,Beregovski (trans.); Malin (encoded),,Skotshne,Altered Dorian,,,,2015,,listening,image/png,,,,"Gershfeld, G.",transcription,-,Tiraspol,1937,-,Kiev,Berdichev,-,-,Bb major,9-17,no
No056,beregovski056.png,,,No. 056,Beregovski (trans.); Malin (encoded),,Skotshne,Altered Dorian,,,,2015,,listening,image/png,,,,,transcription,Violin,Tiraspol,1937,-,Kiev,Berdichev,-,-,Bb major,22-31,no
No057,beregovski057.png,,,No. 057,Beregovski (trans.); Malin (encoded),,Skotshne,Altered Dorian,,,,2015,,listening,image/png,,,,,transcription,Violin,Tiraspol,1937,-,Kiev,Berdichev,-,-,Bb major,13-18,no
No058,beregovski058.png,,,No. 058,Beregovski (trans.); Malin (encoded),,Freylekhs (fun der khupe),Altered Dorian,,,,2015,,listening,image/png,,,,"Slobodskoi, M.",recording,Clarinet,Kiev,1935,-,Kiev,"Boguslav, Brusilov, Zvenigorodka, Korostyshev, Makarov, Uman', or Fastov",G,-,,,
No059,beregovski059.png,,,No. 059,Beregovski (trans.); Malin (encoded),,Skotshne,Altered Dorian,,,,2015,,listening,image/png,,,,"Cherniavsky, B.",recording,Clarinet,Belaia Tserkov,1935,-,Kiev,Belaia Tserkov,G,-,Bb major,9-16,no
No060,beregovski060.png,,,No. 060,Beregovski (trans.); Malin (encoded),,Skotshne,Altered Dorian,,,,2015,,listening,image/png,,,,"Sakhnovsky, B.",transcription,Violin,-,-,-,Kiev,"Boguslav, Brusilov, Zvenigorodka, Korostyshev, Makarov, Uman', or Fastov",G,-,G major,18-26; 55-72,no
No061,beregovski061.png,,,No. 061,Beregovski (trans.); Malin (encoded),,Gas-nign,Freygish,,,,2015,,listening,image/png,,,,"Sakhnovsky, B.",transcription,Violin,-,-,-,Kiev,"Boguslav, Brusilov, Zvenigorodka, Korostyshev, Makarov, Uman', or Fastov",G,-,G freygish; C major; G freygish,15-23; 24-31; 32-39,no
No062,beregovski062.png,,,No. 062,Beregovski (trans.); Malin (encoded),,Gas-nign,Freygish,,,,2015,,listening,image/png,,,,"Altman, L. ",transcription,Viola,Tiraspol,1936,-,Kiev,Berdichev,-,-,G minor,1-8,no
No063,beregovski063.png,,,No. 063,Beregovski (trans.); Malin (encoded),,Gas-nign,Freygish,,,,2015,,listening,image/png,,,,"Cherniavsky, B.",recording,Clarinet,Belaia Tserkov,1935,-,Kiev,Belaia Tserkov,G,-,G major,10-25; 38-53; 74-89,no
No064,beregovski064.png,,,No. 064,Beregovski (trans.); Malin (encoded),,Gas-nign,Freygish,,,,2015,,listening,image/png,,,,"Gulerman, Z.",recording,Flute,Kiev,1935,-,Kiev,"Boguslav, Brusilov, Zvenigorodka, Korostyshev, Makarov, Uman', or Fastov",G,-,G minor,17-36,no
No065,beregovski065.png,,,No. 065,Beregovski (trans.); Malin (encoded),,Gas-nign,Freygish,,,,2015,,listening,image/png,,,,Anonymous,transcription,-,-,-,-,Unknown,-,D,Up P5,,All altered dorian,yes
No066,beregovski066.png,,,No. 066,Beregovski (trans.); Malin (encoded),,Gas-nign,Freygish,,,,2015,,listening,image/png,,,,"Makonovetsky, A. E. ",transcription (Makonovetsky),Violin,Khabno,-,-,Kiev,Khabno,A,Up M2,,All altered dorian,yes
No067,beregovski067.png,,,No. 067,Beregovski (trans.); Malin (encoded),,Gas-nign,Freygish,,,,2015,,listening,image/png,,,,"Barkagan, G.",recording,Clarinet,"Kalinindorf, Nikolaev",1936,-,Old Jewish Agricultural Colonies,Kalinindorf,-,-,C minor,1-8,no
No068,beregovski068.png,,,No. 068,Beregovski (trans.); Malin (encoded),,Gas-nign,Freygish,,,,2015,,listening,image/png,,,,"Makonovetsky, A. E. ",transcription (Makonovetsky),Violin,Khabno,-,-,Kiev,Khabno,A,Up M2,F major,20-27,no
No069,beregovski069.png,,,No. 069,Beregovski (trans.); Malin (encoded),,Gas-nign,Freygish,,,,2015,,listening,image/png,,,,"Makonovetsky, A. E. ",transcription (Makonovetsky),Violin,Khabno,-,-,Kiev,Khabno,A,Up M2,F major,17-22,no
No070,beregovski070.png,,,No. 070,Beregovski (trans.); Malin (encoded),,Gas-nign,Freygish,,,,2015,,listening,image/png,,,,"Gershfeld, G.",transcription,Violin,Tiraspol,1937,-,Kiev,Berdichev,G,-,,All freygish,yes
No071,beregovski071.png,,,No. 071,Beregovski (trans.); Malin (encoded),,Gas-nign,Minor,,,,2015,,listening,image/png,,,,"Beliavsky, F.",recording,Clarinet,Belaia Tserkov,1935,-,Kiev,Belaia Tserkov,G,-,F major,17-22; 25-30,no
No072,beregovski072.png,,,No. 072,Beregovski (trans.); Malin (encoded),,Gas-nign,Minor,,,,2015,,listening,image/png,,,,"Diamant, M.",recording,-,Kiev,1932,Warsaw,-,-,A,Up M2,,All freygish,yes
No073,beregovski073.png,,,No. 073,Beregovski (trans.); Malin (encoded),,Gas-nign,Minor,,,,2015,,listening,image/png,,,,"Makonovetsky, A. E. ",transcription (Makonovetsky),Violin,Khabno,-,-,Kiev,Khabno,A,Up M2,,All freygish,yes
No074,beregovski074.png,,,No. 074,Beregovski (trans.); Malin (encoded),,Gas-nign,Minor,,,,2015,,listening,image/png,,,,"Sakhnovsky, B.",transcription,Violin,-,-,-,Kiev,"Boguslav, Brusilov, Zvenigorodka, Korostyshev, Makarov, Uman', or Fastov",D,Up P5,,All freygish,yes
No075,beregovski075.png,,,No. 075,Beregovski (trans.); Malin (encoded),,Gas-nign,Minor,,,,2015,,listening,image/png,,,,"Makonovetsky, A. E. ",transcription (Makonovetsky),Violin,Khabno,-,-,Kiev,Khabno,A,Up M2,C altered Dorian,18-25,no
No076,beregovski076.png,,,No. 076,Beregovski (trans.); Malin (encoded),,Gas-nign,Minor,,,,2015,,listening,image/png,,,,"Makonovetsky, A. E. ",transcription (Makonovetsky),Violin,Khabno,-,-,Kiev,Khabno,A,Up M2,C major,33-48,no
No077,beregovski077.png,,,No. 077,Beregovski (trans.); Malin (encoded),,Gas-nign,Minor,,,,2015,,listening,image/png,,,,"Makonovetsky, A. E. ",transcription (Makonovetsky),Violin,Khabno,-,-,Kiev,Khabno,C,Up P4,Bb major,1-8; 17-24,no
No078,beregovski078.png,,,No. 078,Beregovski (trans.); Malin (encoded),,Gas-nign,Minor,,,,2015,,listening,image/png,,,,"Sakhnovsky, B.",transcription,Violin,-,-,-,Kiev,"Boguslav, Brusilov, Zvenigorodka, Korostyshev, Makarov, Uman', or Fastov",D,Up P5,Bb major,9-16,no
No079,beregovski079.png,,,No. 079,Beregovski (trans.); Malin (encoded),,A gute nakht,Freygish,,,,2015,,listening,image/png,,,,"Makonovetsky, A. E. ",transcription (Makonovetsky),Violin,Khabno,-,-,Kiev,Khabno,B,Up M3,Bb major,20-27,no
No080,beregovski080.png,,,No. 080,Beregovski (trans.); Malin (encoded),,A gute nakht,Minor,,,,2015,,listening,image/png,,,,"Cherniavsky, B.",recording,Clarinet,Belaia Tserkov,1935,-,Kiev,Belaia Tserkov,A,Up M2,,All minor,yes
No081,beregovski081.png,,,No. 081,Beregovski (trans.); Malin (encoded),,Zay gezunt,Freygish,,,,2015,,listening,image/png,,,,"Barkagan, G.",transcription,Clarinet,"Kalinindorf, Nikolaev",1936,-,Old Jewish Agricultural Colonies,Kalinindorf,A,Up M2,,All minor,yes
No082,beregovski082.png,,,No. 082,Beregovski (trans.); Malin (encoded),,Zay gezunt,Freygish,,,,2015,,listening,image/png,,,,"Makonovetsky, A. E. ",transcription (Makonovetsky),Violin,Khabno,-,-,Kiev,Khabno,D,Up P5,,All minor,yes
No083,beregovski083.png,,,No. 083,Beregovski (trans.); Malin (encoded),,Zay gezunt,Minor,,,,2015,,listening,image/png,,,,"Melamed, R.",recording,Voice,"Novo-Zlatopol, Dnepropetrovsk",1937,-,Old Jewish Agricultural Colonies,Novozlatopol,-,-,,All minor,yes
No084,beregovski084.png,,,No. 084,Beregovski (trans.); Malin (encoded),,Zay gezunt,Minor,,,,2015,,listening,image/png,,,,"Karlyk, Ia.",recording,-,"Dzhelal, Crimea",1937,"Boguslav, Kiev",Kiev,"Boguslav, Brusilov, Zvenigorodka, Korostyshev, Makarov, Uman', or Fastov",-,-,Bb major,8-15,no
No085,beregovski085.png,,,No. 085,Beregovski (trans.); Malin (encoded),,,,,,,N/A,,N/A,image/png,,,,"Gershfeld, G.",transcription,Violin,Tiraspol,1937,-,Kiev,Berdichev,D,Up P5,,All freygish,yes
No086,beregovski086.png,,,No. 086,Beregovski (trans.); Malin (encoded),,Freylekhs,Freygish,,,,2001,,dance,image/png,,,,"Gershfeld, G.",transcription,Violin,Tiraspol,1937,-,Kiev,Berdichev,D,Up P5,,All minor,yes
No087,beregovski087.png,,,No. 087,Beregovski (trans.); Malin (encoded),,Freylekhs,Freygish,,,,2001,,dance,image/png,,,,"Makonovetsky, A. E. ",transcription (Makonovetsky),Violin,Khabno,-,-,Kiev,Khabno,G,-,,All freygish,yes
No088,beregovski088.png,,,No. 088,Beregovski (trans.); Malin (encoded),,Freylekhs,Freygish,,,,2001,,dance,image/png,,,,"Barkagan, G.",transcription,Clarinet,"Kalinindorf, Nikolaev",1936,-,Old Jewish Agricultural Colonies,Kalinindorf,G,-,C minor,9-16,no
No089,beregovski089.png,,,No. 089,Beregovski (trans.); Malin (encoded),,Tants,Freygish,,,,2001,,dance,image/png,,,,"Makonovetsky, A. E. ",transcription (Makonovetsky),Violin,Khabno,-,-,Kiev,Khabno,D,Up P5,,All minor,yes
No090,beregovski090.png,,,No. 090,Beregovski (trans.); Malin (encoded),,Freylekhs,Freygish,,,,2001,,dance,image/png,,,,"Makonovetsky, A. E. ",transcription (Makonovetsky),Violin,Khabno,-,-,Kiev,Khabno,D,Up P5,,All minor,yes
No091,beregovski091.png,,,No. 091,Beregovski (trans.); Malin (encoded),,Freylekhs,Freygish,,,,2001,,dance,image/png,,,,Anonymous,transcription,-,Liubavichi,1913,-,Various Cities and Towns,-,-,-,,All freygish,yes
No092,beregovski092.png,,,No. 092,Beregovski (trans.); Malin (encoded),,Freylekhs,Freygish,,,,2001,,dance,image/png,,,,"Slobodskoi, M.",recording,Clarinet,Kiev,1935,-,Kiev,"Boguslav, Brusilov, Zvenigorodka, Korostyshev, Makarov, Uman', or Fastov",A,Up M2,,All freygish,yes
No093,beregovski093.png,,,No. 093,Beregovski (trans.); Malin (encoded),,Skotshne,Freygish,,,,2001,,dance,image/png,,,,"Slobodskoi, M.",recording,Clarinet,Kiev,1935,-,Kiev,"Boguslav, Brusilov, Zvenigorodka, Korostyshev, Makarov, Uman', or Fastov",-,-,F major,10-14,no
No094,beregovski094.png,,,No. 094,Beregovski (trans.); Malin (encoded),,Freylekhs,Freygish,,,,2001,,dance,image/png,,,,"Gershfeld, G.",transcription,Violin,Tiraspol,1937,-,Kiev,Berdichev,A,Up M2,Eb major; C altered Dorian,"14-17, 18-22",no
No095,beregovski095.png,,,No. 095,Beregovski (trans.); Malin (encoded),,Freylekhs,Freygish,,,,2001,,dance,image/png,,,,"Barkagan, G.",transcription,Clarinet,"Kalinindorf, Nikolaev",1936,-,Old Jewish Agricultural Colonies,Kalinindorf,D,Up P5,,All freygish,yes
No096,beregovski096.png,,,No. 096,Beregovski (trans.); Malin (encoded),,Freylekhs,Freygish,,,,2001,,dance,image/png,,,,"Grudsky, L.",transcription,Violin,Kherson,1933,-,Old Jewish Agricultural Colonies,-,D,Up P5,C major; D freygish,17-20; 21-24,no
No097,beregovski097.png,,,No. 097,Beregovski (trans.); Malin (encoded),,Freylekhs,Freygish,,,,2001,,dance,image/png,,,,"Sakhnovsky, B.",transcription,Violin,-,-,-,Kiev,"Boguslav, Brusilov, Zvenigorodka, Korostyshev, Makarov, Uman', or Fastov",D,Up P5,,All freygish,yes
No098,beregovski098.png,,,No. 098,Beregovski (trans.); Malin (encoded),,Freylekhs,Freygish,,,,2001,,dance,image/png,,,,"Makonovetsky, A. E. ",transcription (Makonovetsky),Violin,Khabno,-,-,Kiev,Khabno,D,Up P5,,All freygish,yes
No099,beregovski099.png,,,No. 099,Beregovski (trans.); Malin (encoded),,Hopke,Freygish,,,,2001,,dance,image/png,,,,"Sakhnovsky, B.",transcription,Violin,-,-,-,Kiev,"Boguslav, Brusilov, Zvenigorodka, Korostyshev, Makarov, Uman', or Fastov",A,Up M2,,All freygish,yes
No100,beregovski100.png,,,No. 100,Beregovski (trans.); Malin (encoded),,Freylekhs,Freygish,,,,2001,,dance,image/png,,,,"Pivovarov, M.",recording,-,"Bobrovyi, Kalinindorf, Nikolaev",1936,-,Old Jewish Agricultural Colonies,Kalinindorf,-,-,,All freygish,yes
No101,beregovski101.png,,,No. 101,Beregovski (trans.); Malin (encoded),,,,,,,N/A,,N/A,image/png,,,,"Dulitsky, B.",recording,Clarinet,Kiev,1935,-,Kiev,"Boguslav, Brusilov, Zvenigorodka, Korostyshev, Makarov, Uman', or Fastov",A,Up M2,C minor,10-18,no
No102,beregovski102.png,,,No. 102,Beregovski (trans.); Malin (encoded),,Hopke,Freygish,,,,2001,,dance,image/png,,,,"Barkagan, G.",transcription,Clarinet,"Kalinindorf, Nikolaev",1936,-,Old Jewish Agricultural Colonies,Kalinindorf,A,Up M2,,All freygish,yes
No103,beregovski103.png,,,No. 103,Beregovski (trans.); Malin (encoded),,Freylekhs,Freygish,,,,2001,,dance,image/png,,,,"Slobodskoi, M.",recording,Clarinet,Kiev,1935,-,Kiev,"Boguslav, Brusilov, Zvenigorodka, Korostyshev, Makarov, Uman', or Fastov",G,-,C minor,10-17,no
No104,beregovski104.png,,,No. 104,Beregovski (trans.); Malin (encoded),,Freylekhs,Freygish,,,,2001,,dance,image/png,,,,Anonymous,transcription,-,-,-,-,Unknown,-,D,Up P5,,All freygish,yes
No105,beregovski105.png,,,No. 105,Beregovski (trans.); Malin (encoded),,Skotshne,Altered Dorian,,,,2001,,dance,image/png,,,,"Makonovetsky, A. E. ",transcription (Makonovetsky),Violin,Khabno,-,-,Kiev,Khabno,C,Up P4,,All freygish,yes
No106,beregovski106.png,,,No. 106,Beregovski (trans.); Malin (encoded),,Freylekhs,Altered Dorian,,,,2001,,dance,image/png,,,,"Mesman, V.",transcription,-,-,-,-,Unknown,-,G,-,,All freygish,yes
No107,beregovski107.png,,,No. 107,Beregovski (trans.); Malin (encoded),,Karahod,Altered Dorian,,,,2001,,dance,image/png,,,,Anonymous,transcription,-,-,-,-,Kiev,"Khabno, Korosten', and Radomysl'",-,-,G major,1-9,no
No108,beregovski108.png,,,No. 108,Beregovski (trans.); Malin (encoded),,Freylekhs,Altered Dorian,,,,2001,,dance,image/png,,,,"Makonovetsky, A. E. ",transcription (Makonovetsky),Violin,Khabno,-,-,Kiev,Khabno,A,Up M2,F major; C major; D freygish,10-15; 19-25; 26-28,no
No109,beregovski109.png,,,No. 109,Beregovski (trans.); Malin (encoded),,Skotshne,Altered Dorian,,,,2001,,dance,image/png,,,,"Svitelsky, F.",transcription,Violin,Kiev,1933,-,Kiev,"Boguslav, Brusilov, Zvenigorodka, Korostyshev, Makarov, Uman', or Fastov",-,-,F major,5-10; 13-24,no
No110,beregovski110.png,,,No. 110,Beregovski (trans.); Malin (encoded),,Freylekhs,Altered Dorian,,,,2001,,dance,image/png,,,,"Sakhnovsky, B.",transcription,Violin,-,-,-,Kiev,"Boguslav, Brusilov, Zvenigorodka, Korostyshev, Makarov, Uman', or Fastov",A,Up M2,C minor; Bb major,11-12; 13-16,no
No111,beregovski111.png,,,No. 111,Beregovski (trans.); Malin (encoded),,Freylekhs,Altered Dorian,,,,2001,,dance,image/png,,,,"Ziserman, V.",transcription,Bass,Vinnitsa,1932,-,Vinnitsa,-,G,-,,All altered Dorian,yes
No112,beregovski112.png,,,No. 112,Beregovski (trans.); Malin (encoded),,Freylekhs,Altered Dorian,,,,2001,,dance,image/png,,,,"Cherniavsky, B.",recording,Clarinet,Belaia Tserkov,1935,-,Kiev,Belaia Tserkov,G,-,,All altered Dorian,yes
No113,beregovski113.png,,,No. 113,Beregovski (trans.); Malin (encoded),,Skotshne,Altered Dorian,,,,2001,,dance,image/png,,,,"Makonovetsky, A. E. ",transcription (Makonovetsky),Violin,Khabno,-,-,Kiev,Khabno,C,Up P4,,All altered Dorian,yes
No114,beregovski114.png,,,No. 114,Beregovski (trans.); Malin (encoded),,Freylekhs,Altered Dorian,,,,2001,,dance,image/png,,,,"Cherniavsky, B.",recording,Clarinet,Belaia Tserkov,1935,-,Kiev,Belaia Tserkov,B,Up M3,,All altered Dorian,yes
No115,beregovski115.png,,,No. 115,Beregovski (trans.); Malin (encoded),,Skotshne,Altered Dorian,,,,2001,,dance,image/png,,,,"Dulitsky, B.",recording,Clarinet,Kiev,1935,-,Kiev,"Boguslav, Brusilov, Zvenigorodka, Korostyshev, Makarov, Uman', or Fastov",B,Up M3,,All altered Dorian,yes
No116,beregovski116.png,,,No. 116,Beregovski (trans.); Malin (encoded),,Skotshne,Altered Dorian,,,,2001,,dance,image/png,,,,"Barkagan, G.",transcription,Clarinet,"Kalinindorf, Nikolaev",1936,-,Old Jewish Agricultural Colonies,Kalinindorf,E,Up M6,,All altered Dorian,yes
No117,beregovski117.png,,,No. 117,Beregovski (trans.); Malin (encoded),,Freylekhs,Altered Dorian,,,,2001,,dance,image/png,,,,"Cherniavsky, B.",recording,Clarinet,Belaia Tserkov,1935,-,Kiev,Belaia Tserkov,G,-,Bb major,19-28,no
No118,beregovski118.png,,,No. 118,Beregovski (trans.); Malin (encoded),,Freylekhs,Altered Dorian,,,,2001,,dance,image/png,,,,"Makonovetsky, A. E. ",transcription (Makonovetsky),Violin,Khabno,-,-,Kiev,Khabno,G,-,G major,10-17,no
No119,beregovski119.png,,,No. 119,Beregovski (trans.); Malin (encoded),,Freylekhs,Altered Dorian,,,,2001,,dance,image/png,,,,"Cherniavsky, B.",recording,Clarinet,Belaia Tserkov,1935,-,Kiev,Belaia Tserkov,G,-,G major,25-48,no
No120,beregovski120.png,,,No. 120,Beregovski (trans.); Malin (encoded),,Freylekhs,Altered Dorian,,,,2001,,dance,image/png,,,,"Makonovetsky, A. E. ",transcription (Makonovetsky),Violin,Khabno,-,-,Kiev,Khabno,G,-,G minor; G major; G minor,1-6; 40-51; 53-60,no
No121,beregovski121.png,,,No. 121,Beregovski (trans.); Malin (encoded),,Freylekhs (Karahod),Minor,,,,2015,,dance,image/png,,,,"Sakhnovsky, B.",transcription,Violin,-,-,-,Kiev,"Boguslav, Brusilov, Zvenigorodka, Korostyshev, Makarov, Uman', or Fastov",C,Up P4,G major,22-27,no
No122,beregovski122.png,,,No. 122,Beregovski (trans.); Malin (encoded),,Freylekhs,Minor,,,,2015,,dance,image/png,,,,"Makonovetsky, A. E. ",transcription (Makonovetsky),Violin,Khabno,-,-,Kiev,Khabno,G,-,G major,18-23,no
No123,beregovski123.png,,,No. 123,Beregovski (trans.); Malin (encoded),,Skotshne,Minor,,,,2015,,dance,image/png,,,,"Gershfeld, G.",transcription,Violin,Tiraspol,1937,-,Kiev,Berdichev,D,Up P5,G major,9-13,no
No124,beregovski124.png,,,No. 124,Beregovski (trans.); Malin (encoded),,Skotshne,Minor,,,,2015,,dance,image/png,,,,"Berezin, Ia.",transcription,Clarinet,Tiraspol,1937,-,Various Cities and Towns,-,C,Up P4,,All altered Dorian,yes
No125,beregovski125.png,,,No. 125,Beregovski (trans.); Malin (encoded),,Freylekhs,Minor,,,,2015,,dance,image/png,,,,"Barkagan, G.",transcription,Clarinet,"Kalinindorf, Nikolaev",1936,-,Old Jewish Agricultural Colonies,Kalinindorf,-,-,G major,14-22,no
No126,beregovski126.png,,,No. 126,Beregovski (trans.); Malin (encoded),,Freylekhs,Freygish,,,,2015,,dance,image/png,,,,"Barkagan, G.",transcription,Clarinet,"Kalinindorf, Nikolaev",1936,-,Old Jewish Agricultural Colonies,Kalinindorf,D,Up P5,,All altered Dorian,yes
No127,beregovski127.png,,,No. 127,Beregovski (trans.); Malin (encoded),,Freylekh,Minor,,,,2015,,dance,image/png,,,,"Rabinovich, I. S.",transcription,Piano,Kiev,1937,"Pereiaslav, Poltava",Various Cities and Towns,-,-,-,Bb major,1-6; 13-22,no
No128,beregovski128.png,,,No. 128,Beregovski (trans.); Malin (encoded),,Freylekhs,Minor,,,,2015,,dance,image/png,,,,Knaifel,transcription,Bass,Vinnitsa,1937,-,Vinnitsa,-,D,Up P5,,All minor,yes
No129,beregovski129.png,,,No. 129,Beregovski (trans.); Malin (encoded),,Freylekhs,Minor,,,,2015,,dance,image/png,,,,"Ziserman, V.",transcription,Bass,Vinnitsa,1932,-,Vinnitsa,-,D,Up P5,,All minor,yes
No130,beregovski130.png,,,No. 130,Beregovski (trans.); Malin (encoded),,Freylekhs,Minor,,,,2015,,dance,image/png,,,,Anonymous,transcription,-,-,-,-,Unknown,-,A,Up M2,C minor;  Bb major,21-28; 29-36,no
No131,beregovski131.png,,,No. 131,Beregovski (trans.); Malin (encoded),,Freylekhs,Minor,,,,2015,,dance,image/png,,,,"Svitelsky, F.",transcription,Violin,Kiev,1933,-,Kiev,"Boguslav, Brusilov, Zvenigorodka, Korostyshev, Makarov, Uman', or Fastov",-,-,,All minor,yes
No132,beregovski132.png,,,No. 132,Beregovski (trans.); Malin (encoded),,Freylekhs,Minor,,,,2015,,dance,image/png,,,,"Pulver, L. M.",recording,Violin,Kiev,1929,-,Kiev,"Boguslav, Brusilov, Zvenigorodka, Korostyshev, Makarov, Uman', or Fastov",D,Down P4,C altered Dorian,1-9,no
No133,beregovski133.png,,,No. 133,Beregovski (trans.); Malin (encoded),,Freylekhs,Minor,,,,2015,,dance,image/png,,,,Mazover,recording,Voice,Kalnindorf,1936,-,Old Jewish Agricultural Colonies,Kalinindorf,-,-,Bb major,10-18,no
No134,beregovski134.png,,,No. 134,Beregovski (trans.); Malin (encoded),,Skotshne,Minor,,,,2015,,dance,image/png,,,,"Dulitsky, B.",recording,Clarinet,Kiev,1935,-,Kiev,"Boguslav, Brusilov, Zvenigorodka, Korostyshev, Makarov, Uman', or Fastov",G,-,,All minor,yes
No135,beregovski135.png,,,No. 135,Beregovski (trans.); Malin (encoded),,Freylekhs,Minor,,,,2015,,dance,image/png,,,,Anonymous,transcription,-,-,-,-,Unknown,-,D,Up P5,Bb major,17-30,no
No136,beregovski136.png,,,No. 136,Beregovski (trans.); Malin (encoded),,Freylekhs,Minor,,,,2015,,dance,image/png,,,,"Barkagan, G.",transcription,Clarinet,"Kalinindorf, Nikolaev",1936,-,Old Jewish Agricultural Colonies,Kalinindorf,A,Up M2,,All minor,yes
No137,beregovski137.png,,,No. 137,Beregovski (trans.); Malin (encoded),,Vol'ner (Freylekhs),Minor,,,,2015,,dance,image/png,,,,"Dulitsky, B.",recording,Clarinet,Kiev,1935,-,Kiev,"Boguslav, Brusilov, Zvenigorodka, Korostyshev, Makarov, Uman', or Fastov",G,-,G altered Dorian,14-21,no
No138,beregovski138.png,,,No. 138,Beregovski (trans.); Malin (encoded),,Freylekhs,Minor,,,,2015,,dance,image/png,,,,"Gershfeld, G.",transcription,Violin,Tiraspol,1937,-,Kiev,Berdichev,A,Up M2,,All minor,yes
No139,beregovski139.png,,,No. 139,Beregovski (trans.); Malin (encoded),,Freylekhs,Minor,,,,2015,,dance,image/png,,,,"Gershfeld, G.",transcription,Violin,Tiraspol,1937,-,Kiev,Berdichev,A,Up M2,,,
No140,beregovski140.png,,,No. 140,Beregovski (trans.); Malin (encoded),,Freylekhs,Minor,,,,2015,,dance,image/png,,,,Anonymous,transcription,-,-,-,-,Unknown,-,D,Up P5,Bb major,1-8,no
No141,beregovski141.png,,,No. 141,Beregovski (trans.); Malin (encoded),,Freylekhs,Minor,,,,2015,,dance,image/png,,,,"Slobodskoi, M.",recording,Clarinet,Kiev,1935,-,Kiev,"Boguslav, Brusilov, Zvenigorodka, Korostyshev, Makarov, Uman', or Fastov",C,Up P4,,All minor,yes
No142,beregovski142.png,,,No. 142,Beregovski (trans.); Malin (encoded),,Freylekhs,Minor,,,,2015,,dance,image/png,,,,"Cherniavsky, B.",recording,Clarinet,Belaia Tserkov,1935,-,Kiev,Belaia Tserkov,Bb,Up m3,G freygish,19-48,no
No143,beregovski143.png,,,No. 143,Beregovski (trans.); Malin (encoded),,Freylekhs,Minor,,,,2015,,dance,image/png,,,,"Makonovetsky, A. E. ",transcription (Makonovetsky),Violin,Khabno,-,-,Kiev,Khabno,-,-,,All minor,yes
No144,beregovski144.png,,,No. 144,Beregovski (trans.); Malin (encoded),,Freylekhs,Minor,,,,2015,,dance,image/png,,,,"Makonovetsky, A. E. ",transcription (Makonovetsky),Violin,Khabno,-,-,Kiev,Khabno,-,-,,All minor,yes
No145,beregovski145.png,,,No. 145,Beregovski (trans.); Malin (encoded),,Freylekhs,Minor,,,,2015,,dance,image/png,,,,"Makonovetsky, A. E. ",transcription (Makonovetsky),Violin,Khabno,-,-,Kiev,Khabno,-,-,,All minor,yes
No146,beregovski146.png,,,No. 146,Beregovski (trans.); Malin (encoded),,Freylekhs,Minor,,,,2015,,dance,image/png,,,,"Barkagan, G.",transcription,Clarinet,"Kalinindorf, Nikolaev",1935,-,Old Jewish Agricultural Colonies,Kalinindorf,G,-,,All minor,yes
No147,beregovski147.png,,,No. 147,Beregovski (trans.); Malin (encoded),,Freylekhs,Minor,,,,2015,,dance,image/png,,,,"Sakhnovsky, B.",transcription,Violin,-,-,-,Kiev,"Boguslav, Brusilov, Zvenigorodka, Korostyshev, Makarov, Uman', or Fastov",D,Up P5,,All minor,yes
No148,beregovski148.png,,,No. 148,Beregovski (trans.); Malin (encoded),,Freylekhs,Minor,,,,2015,,dance,image/png,,,,"Makonovetsky, A. E. ",transcription (Makonovetsky),Violin,Khabno,-,-,Kiev,Khabno,D,Up P5,,All minor,yes
No149,beregovski149.png,,,No. 149,Beregovski (trans.); Malin (encoded),,Skotshne,Minor,,,,2015,,dance,image/png,,,,Anonymous,-,-,-,-,-,Unknown,-,A,Up M2,,All minor,yes
No150,beregovski150.png,,,No. 150,Beregovski (trans.); Malin (encoded),,Freylekhs,Major,,,,2015,,dance,image/png,,,,"Berezin, Ia.",transcription,Clarinet,Tiraspol,1936,-,Various Cities and Towns,-,G,-,,All minor,yes
No151,beregovski151.png,,,No. 151,Beregovski (trans.); Malin (encoded),,Freylekhs,Major,,,,2015,,dance,image/png,,,,"Barkagan, G.",transcription,Clarinet,"Kalinindorf, Nikolaev",1935,-,Old Jewish Agricultural Colonies,Kalinindorf,D,Up P5,Bb major,10-17,no
No152,beregovski152.png,,,No. 152,Beregovski (trans.); Malin (encoded),,Skotshne,Major,,,,2015,,dance,image/png,,,,Anonymous,transcription,-,-,-,-,-,-,A,Up M2,,All minor,yes
No153,beregovski153.png,,,No. 153,Beregovski (trans.); Malin (encoded),,Freylekhs,Major,,,,2015,,dance,image/png,,,,"Gershfeld, G.",transcription,Violin,Tiraspol,1937,-,Kiev,Berdichev,A,Up M2,,All minor,yes
No154,beregovski154.png,,,No. 154,Beregovski (trans.); Malin (encoded),,Freylekhs,Major,,,,2015,,dance,image/png,,,,"Barkagan, G.",transcription,Clarinet,"Kalinindorf, Nikolaev",1935,-,Old Jewish Agricultural Colonies,Kalinindorf,D,Up P5,,All minor,yes
No155,beregovski155.png,,,No. 155,Beregovski (trans.); Malin (encoded),,Freylekhs,Major (Mixolydian),,,,2015,,dance,image/png,,,,"Gershfeld, G.",transcription,Violin,Tiraspol,1937,-,Kiev,Berdichev,G,-,,All minor,yes
No156,beregovski156.png,,,No. 156,Beregovski (trans.); Malin (encoded),,Freylekhs,Major,,,,2015,,dance,image/png,,,,"Ziserman, V.",transcription,Bass,Vinnitsa,1932,-,Vinnitsa,-,D,Up P5,,All minor,yes
No157,beregovski157.png,,,No. 157,Beregovski (trans.); Malin (encoded),,Hopke,Major,,,,2015,,dance,image/png,,,,"Dulitsky, B.",recording,Clarinet,Kiev,1935,-,Kiev,"Boguslav, Brusilov, Zvenigorodka, Korostyshev, Makarov, Uman', or Fastov",-,-,G altered Dorian,9-27,no
No158,beregovski158.png,,,No. 158,Beregovski (trans.); Malin (encoded),,Freylekhs,Major,,,,2015,,dance,image/png,,,,"Dulitsky, B.",recording,Clarinet,Kiev,1935,-,Kiev,"Boguslav, Brusilov, Zvenigorodka, Korostyshev, Makarov, Uman', or Fastov",-,-,G altered Dorian,9-25,no
No159,beregovski159.png,,,No. 159,Beregovski (trans.); Malin (encoded),,Freylekhs,Major,,,,2015,,dance,image/png,,,,"Magaziner, Ia. S.",transcription,Violin,Kiev,1936,"Zvenigorodka, Kiev",Kiev,"Boguslav, Brusilov, Zvenigorodka, Korostyshev, Makarov, Uman', or Fastov",-,-,G altered Dorian,10-17,no
No160,beregovski160.png,,,No. 160,Beregovski (trans.); Malin (encoded),,Skotshne,Major,,,,2015,,dance,image/png,,,,"Slobodskoi, M.",recording,Clarinet,Kiev,1935,-,Kiev,"Boguslav, Brusilov, Zvenigorodka, Korostyshev, Makarov, Uman', or Fastov",G,-,G altered Dorian,5-8,no
No161,beregovski161.png,,,No. 161,Beregovski (trans.); Malin (encoded),,Freylekhs,Major,,,,2015,,dance,image/png,,,,"Slobodskoi, M.",recording,Clarinet,Kiev,1935,-,Kiev,"Boguslav, Brusilov, Zvenigorodka, Korostyshev, Makarov, Uman', or Fastov",E,Down m3,G altered Dorian; G freygish,10-25; 26-41,no
No162,beregovski162.png,,,No. 162,Beregovski (trans.); Malin (encoded),,Hopke,Major,,,,2015,,dance,image/png,,,,"Berezin, Ia.",transcription,Clarinet,Tiraspol,1936,-,Various Cities and Towns,-,-,-,G altered Dorian,11-24,no
No163,beregovski163.png,,,No. 163,Beregovski (trans.); Malin (encoded),,Skotshne,Major,,,,2015,,dance,image/png,,,,"Cherniavsky, B.",recording,Clarinet,Belaia Tserkov,1936,-,Kiev,Belaia Tserkov,-,-,G altered Dorian,19-29,no
No164,beregovski164.png,,,No. 164,Beregovski (trans.); Malin (encoded),,Skotshne,Major,,,,2015,,dance,image/png,,,,"Makonovetsky, A. E. ",transcription (Makonovetsky),Violin,Khabno,-,-,Kiev,Khabno,D,Up P5,,All major,yes
No165,beregovski165.png,,,No. 165,Beregovski (trans.); Malin (encoded),,Freylekhs,Major,,,,2015,,dance,image/png,,,,"Barkagan, G.",transcription,Clarinet,"Kalinindorf, Nikolaev",-,-,Old Jewish Agricultural Colonies,Kalinindorf,D,Up P5,C major,17-24,no
No166,beregovski166.png,,,No. 166,Beregovski (trans.); Malin (encoded),,Freylekhs,Major,,,,2015,,dance,image/png,,,,"Makonovetsky, A. E. ",transcription (Makonovetsky),Violin,Khabno,-,-,Kiev,Khabno,,,,All major,yes
No167,beregovski167.png,,,No. 167,Beregovski (trans.); Malin (encoded),,Freylekhs,Major,,,,2015,,dance,image/png,,,,Anonymous,transcription,-,-,-,-,Unknown,-,-,-,,All major,yes
No168,beregovski168.png,,,No. 168,Beregovski (trans.); Malin (encoded),,Freylekhs,Major (Mixolydian),,,,2015,,dance,image/png,,,,"Barkagan, G.",transcription,Clarinet,"Kalinindorf, Nikolaev",-,-,Old Jewish Agricultural Colonies,Kalinindorf,D,Up P5,,All major,yes
No169,beregovski169.png,,,No. 169,Beregovski (trans.); Malin (encoded),,Freylekhs,Major (Mixolydian),,,,2015,,dance,image/png,,,,"Makonovetsky, A. E. ",transcription (Makonovetsky),Violin,Khabno,-,-,Kiev,Khabno,G,-,,All major,yes
No170,beregovski170.png,,,No. 170,Beregovski (trans.); Malin (encoded),,Freylekhs,Major (Mixolydian),,,,2015,,dance,image/png,,,,"Cherniavsky, B.",recording,Clarinet,Belaia Tserkov,1936,-,Kiev,Belaia Tserkov,-,-,,All major,yes
No171,beregovski171.png,,,No. 171,Beregovski (trans.); Malin (encoded),,Freylekhs,Major (Mixolydian),,,,2015,,dance,image/png,,,,"Shteingart, Ia.",recording,Clarinet,"Bogopol, Podolia",1913,-,Podolia,Bogopol,-,-,,All major,yes
No172,beregovski172.png,,,No. 172,Beregovski (trans.); Malin (encoded),,Freylekhs,Major (Mixolydian),,,,2015,,dance,image/png,,,,"Gershfeld, G.",transcription,Violin,Tiraspol,1937,-,-,-,D,Up P5,D major,9-16,no
No173,beregovski173.png,,,No. 173,Beregovski (trans.); Malin (encoded),,Freylekhs,Major (Mixolydian),,,,2015,,dance,image/png,,,,"Marshak, A.",recording,Voice,Odessa,1930,-,Various Cities and Towns,Odessa,-,-,g minor,6-21,no
No174,beregovski174.png,,,No. 174,Beregovski (trans.); Malin (encoded),,Freylekhs,Major (Mixolydian),,,,2015,,dance,image/png,,,,"Barkagan, G.",transcription,Clarinet,"Kalinindorf, Nikolaev",-,-,Old Jewish Agricultural Colonies,Kalinindorf,C,Up P4,g minor,9-12,no
No175,beregovski175.png,,,No. 175,Beregovski (trans.); Malin (encoded),,Freylekhs,Major,,,,2015,,dance,image/png,,,,"Sakhnovsky, B.",transcription,Violin,-,-,-,Kiev,"Boguslav, Brusilov, Zvenigorodka, Korostyshev, Makarov, Uman', or Fastov",C,Up P4,,All major,yes
No176,beregovski176.png,,,No. 176,Beregovski (trans.); Malin (encoded),,Skotshne,Major,,,,2015,,dance,image/png,,,,"Barkagan, G.",transcription,Clarinet,"Kalinindorf, Nikolaev",-,-,Old Jewish Agricultural Colonies,Kalinindorf,D,Up P5,,All major,yes
No177,beregovski177.png,,,No. 177,Beregovski (trans.); Malin (encoded),,Sher,Freygish,,,,2015,,dance,image/png,,,,"Sakhnovsky, B.",transcription,Violin,-,-,-,Kiev,"Boguslav, Brusilov, Zvenigorodka, Korostyshev, Makarov, Uman', or Fastov",D,Up P5,,All major,yes
No178,beregovski178.png,,,No. 178,Beregovski (trans.); Malin (encoded),,Sher,Freygish,,,,2015,,dance,image/png,,,,"Barkagan, G.",transcription,Clarinet,"Kalinindorf, Nikolaev",-,-,Old Jewish Agricultural Colonies,Kalinindorf,-,-,,All major,yes
No179,beregovski179.png,,,No. 179,Beregovski (trans.); Malin (encoded),,Sher,Freygish,,,,2015,,dance,image/png,,,,"Barkagan, G.",transcription,Clarinet,"Kalinindorf, Nikolaev",-,-,Old Jewish Agricultural Colonies,Kalinindorf,D,Up P5,,All major,yes
No180,beregovski180.png,,,No. 180,Beregovski (trans.); Malin (encoded),,Sher,Freygish,,,,2015,,dance,image/png,,,,"Barkagan, G.",transcription,Clarinet,"Kalinindorf, Nikolaev",-,-,Old Jewish Agricultural Colonies,Kalinindorf,-,-,,All major,yes
No181,beregovski181.png,,,No. 181,Beregovski (trans.); Malin (encoded),,Sher,Freygish,,,,2015,,dance,image/png,,,,"Rabinovich, M. I.",transcription,Violin,Kiev,1937,-,Kiev,Berdichev,-,-,,All major,yes
No182,beregovski182.png,,,No. 182,Beregovski (trans.); Malin (encoded),,Sher,Freygish,,,,2015,,dance,image/png,,,,"Barkagan, G.",transcription,Clarinet,"Kalinindorf, Nikolaev",-,-,Old Jewish Agricultural Colonies,Kalinindorf,-,-,G altered Dorian,9-21,no
No183,beregovski183.png,,,No. 183,Beregovski (trans.); Malin (encoded),,Sher,Freygish,,,,2015,,dance,image/png,,,,"Cherniavsky, B.",recording,Clarinet,Belaia Tserkov,1936,-,Kiev,Belaia Tserkov,A,Up M2,,All major,yes
No184,beregovski184.png,,,No. 184,Beregovski (trans.); Malin (encoded),,Sher,Altered Dorian,,,,2015,,dance,image/png,,,,"Ozyriansky, M.",recording,Voice,"Bobrovyi Kut, Kalinindorf, Nikolaev",1936,Kalinindorf,Old Jewish Agricultural Colonies,Kalinindorf,-,-,,All freygish,yes
No185,beregovski185.png,,,No. 185,Beregovski (trans.); Malin (encoded),,Sher,Altered Dorian,,,,2015,,dance,image/png,,,,"Liasko, M.",transcription,-,"Fraidorf, Crimea",1937,-,Kiev,"Boguslav, Brusilov, Zvenigorodka, Korostyshev, Makarov, Uman', or Fastov",-,-,,All freygish,yes
No186,beregovski186.png,,,No. 186,Beregovski (trans.); Malin (encoded),,Sher,Altered Dorian,,,,2015,,dance,image/png,,,,"Dulitsky, B.",recording,Clarinet,Kiev,1935,-,Kiev,"Boguslav, Brusilov, Zvenigorodka, Korostyshev, Makarov, Uman', or Fastov",G,-,,All freygish,yes
No187,beregovski187.png,,,No. 187,Beregovski (trans.); Malin (encoded),,Sher,Minor,,,,2015,,dance,image/png,,,,"Mesman, V.",transcription,-,-,1912,-,Unknown,-,C,Up P4,C major; D: freygish,17-28; 29-32,no
No188,beregovski188.png,,,No. 188,Beregovski (trans.); Malin (encoded),,Sher,Minor,,,,2015,,dance,image/png,,,,"Gulerman, Z.",recording,Flute,Kiev,1935,-,Kiev,"Boguslav, Brusilov, Zvenigorodka, Korostyshev, Makarov, Uman', or Fastov",-,-,F major,41-48,no
No189,beregovski189.png,,,No. 189,Beregovski (trans.); Malin (encoded),,Sher,Minor,,,,2015,,dance,image/png,,,,"Ozyriansky, M.",recording,Voice,"Bobrovyi Kut, Kalinindorf, Nikolaev",1936,Kalinindorf,Old Jewish Agricultural Colonies,Kalinindorf,-,-,C minor,9-16,no
No190,beregovski190.png,,,No. 190,Beregovski (trans.); Malin (encoded),,Sher,Minor,,,,2015,,dance,image/png,,,,"Dobrushin, I.",transcription,-,Kiev,1937,-,Kiev,"Boguslav, Brusilov, Zvenigorodka, Korostyshev, Makarov, Uman', or Fastov",-,-,C minor,9-16,no
No191,beregovski191.png,,,No. 191,Beregovski (trans.); Malin (encoded),,Sher,Minor,,,,2015,,dance,image/png,,,,"Cherniavsky, B.",recording,Clarinet,Belaia Tserkov,1936,-,Kiev,Belaia Tserkov,Bb,Up m3,G minor,11-19,no
No192,beregovski192.png,,,No. 192,Beregovski (trans.); Malin (encoded),,Sher,Minor,,,,2015,,dance,image/png,,,,"Laderman, I.",recording,Voice,Fastov,1929,-,Kiev,"Boguslav, Brusilov, Zvenigorodka, Korostyshev, Makarov, Uman', or Fastov",-,-,G major,18-33,no
No193,beregovski193.png,,,No. 193,Beregovski (trans.); Malin (encoded),,Sher,Minor,,,,2015,,dance,image/png,,,,"Slobodskoi, M.",recording,Clarinet,Kiev,1935,-,Kiev,"Boguslav, Brusilov, Zvenigorodka, Korostyshev, Makarov, Uman', or Fastov",Eb,Down M3,,All altered dorian,yes
No194,beregovski194.png,,,No. 194,Beregovski (trans.); Malin (encoded),,Sher,Minor,,,,2015,,dance,image/png,,,,"Avrutin, A.",recording,Voice,"Bobrovyi Kut, Kalinindorf, Nikolaev",1936,-,Old Jewish Agricultural Colonies,-,-,-,,All minor,yes
No195,beregovski195.png,,,No. 195,Beregovski (trans.); Malin (encoded),,Sher,Minor,,,,2015,,dance,image/png,,,,"Barkagan, G.",transcription,Clarinet,"Kalinindorf, Nikolaev",-,-,Old Jewish Agricultural Colonies,Kalinindorf,-,-,G altered Dorian,9-29,no
No196,beregovski196.png,,,No. 196,Beregovski (trans.); Malin (encoded),,Sher,Minor,,,,2015,,dance,image/png,,,,"Dulitsky, B.",recording,Clarinet,Kiev,1935,-,Kiev,"Boguslav, Brusilov, Zvenigorodka, Korostyshev, Makarov, Uman', or Fastov",-,-,,All minor,yes
No197,beregovski197.png,,,No. 197,Beregovski (trans.); Malin (encoded),,Sher,Minor,,,,2015,,dance,image/png,,,,"Bergelson, D.",recording,Voice,Kiev,1931,Uman',Kiev,"Boguslav, Brusilov, Zvenigorodka, Korostyshev, Makarov, Uman', or Fastov",-,-,G altered Dorian,15-31,no
No198,beregovski198.png,,,No. 198,Beregovski (trans.); Malin (encoded),,Sher,Minor,,,,2015,,dance,image/png,,,,"Azriel, G.",recording,Voice,"Naidarovka, Novo-Zlatopolsk, Dnepropetrovsk",1936,-,Old Jewish Agricultural Colonies,-,-,-,Bb major,10-18,no
No199,beregovski199.png,,,No. 199,Beregovski (trans.); Malin (encoded),,Sher,Minor,,,,2015,,dance,image/png,,,,"Cherniavsky, I.",recording,Voice,Kiev,1935,-,Kiev,Belaia Tserkov,-,-,,All minor,yes
No200,beregovski200.png,,,No. 200,Beregovski (trans.); Malin (encoded),,Sher,Minor,,,,2015,,dance,image/png,,,,"Gershfeld, G.",transcription,Violin,Tiraspol,1937,-,Kiev,Berdichev,D,Up P5,,All minor,yes
No201,beregovski201.png,,,No. 201,Beregovski (trans.); Malin (encoded),,Sher,Minor,,,,2015,,dance,image/png,,,,"Kabatskaia, G.",recording,Voice,"Kalinindorf, Nikolaev",1936,-,Old Jewish Agricultural Colonies,Kalinindorf,-,-,,All minor,yes
No202,beregovski202.png,,,No. 202,Beregovski (trans.); Malin (encoded),,Sher,Minor,,,,2015,,dance,image/png,,,,"Makonovetsky, A. E. ",transcription (Makonovetsky),Violin,Khabno,-,-,Kiev,Khabno,-,-,,All minor,yes
No203,beregovski203.png,,,No. 203,Beregovski (trans.); Malin (encoded),,Sher,Major (Mixolydian),,,,2015,,dance,image/png,,,,"Barkagan, G.",transcription,Clarinet,"Kalinindorf, Nikolaev",-,-,Old Jewish Agricultural Colonies,Kalinindorf,D,Up P5,,All minor,yes
No204,beregovski204.png,,,No. 204,Beregovski (trans.); Malin (encoded),,Sher,Major,,,,2015,,dance,image/png,,,,Anonymous,transcription,-,-,-,-,Unknown,-,A,Up M2,,All minor,yes
No205,beregovski205.png,,,No. 205,Beregovski (trans.); Malin (encoded),,Sher,Major,,,,2015,,dance,image/png,,,,"Gershfeld, G.",transcription,Violin,Tiraspol,1937,-,Kiev,Berdichev,D,Up P5,,All minor,yes
No206,beregovski206.png,,,No. 206,Beregovski (trans.); Malin (encoded),,Plyeskun,Minor,,,,2015,,dance,image/png,,,,"Barkagan, G.",transcription,Clarinet,"Kalinindorf, Nikolaev",-,-,Old Jewish Agricultural Colonies,Kalinindorf,A,Up M2,Bb major,10-26,no
No207,beregovski207.png,,,No. 207,Beregovski (trans.); Malin (encoded),,Plyeskun,Altered Dorian,,,,2015,,dance,image/png,,,,"Barkagan, G.",transcription,Clarinet,"Kalinindorf, Nikolaev",-,-,Old Jewish Agricultural Colonies,Kalinindorf,A,Up M2,Bb major,6-14,no
No208,beregovski208.png,,,No. 208,Beregovski (trans.); Malin (encoded),,Plyeskun,Freygish,,,,2015,,dance,image/png,,,,"Barkagan, G.",transcription,Clarinet,"Kalinindorf, Nikolaev",-,-,Old Jewish Agricultural Colonies,Kalinindorf,D,Up P5,,All minor,yes
No209,beregovski209.png,,,No. 209,Beregovski (trans.); Malin (encoded),,Plyeskun,Major,,,,2015,,dance,image/png,,,,"Altman, L. ",transcription,Viola,Tiraspol,1936,-,Kiev,Berdichev,D,Up P5,,All minor,yes
No210,beregovski210.png,,,No. 210,Beregovski (trans.); Malin (encoded),,Plyeskun,Major (Mixolydian),,,,2015,,dance,image/png,,,,"Triplik, I.",recording,Flute,"Slavuta, Khmelnitsky",1929,-,-,-,-,-,G altered Dorian,41-55,no
No211,beregovski211.png,,,No. 211,Beregovski (trans.); Malin (encoded),,Beygele,Freygish,,,,2015,,dance,image/png,,,,"Krasnyshevsky, A.",recording,Voice,"Bobrovyi Kut, Kalinindorf, Nikolaev",1936,-,Old Jewish Agricultural Colonies,Kalinindorf,-,-,,All major,yes
No212,beregovski212.png,,,No. 212,Beregovski (trans.); Malin (encoded),,Beygele,Minor,,,,2015,,dance,image/png,,,,"Bendas, D.",transcription,-,Kiev,1938,-,Kiev,"Boguslav, Brusilov, Zvenigorodka, Korostyshev, Makarov, Uman', or Fastov",-,-,,All major,yes
No213,beregovski213.png,,,No. 213,Beregovski (trans.); Malin (encoded),,Bolgarish,Freygish,,,,2015,,dance,image/png,,,,"Sakhnovsky, B.",transcription,Violin,-,-,-,Kiev,"Boguslav, Brusilov, Zvenigorodka, Korostyshev, Makarov, Uman', or Fastov",D,Up P5,,All minor,yes
No214,beregovski214.png,,,No. 214,Beregovski (trans.); Malin (encoded),,Bolgarish,Minor,,,,2015,,dance,image/png,,,,Anonymous,transcription,-,-,-,-,Unknown,-,D,Up P5,G minor,6-11,no
No215,beregovski215.png,,,No. 215,Beregovski (trans.); Malin (encoded),,Bolgarish,Minor,,,,2015,,dance,image/png,,,,"Mesman, V.",transcription,-,-,1912,-,Unknown,-,D,Up P5,C minor; Bb major,10-15; 16-19,no
No216,beregovski216.png,,,No. 216,Beregovski (trans.); Malin (encoded),,Bulgar,Major,,,,2015,,dance,image/png,,,,"Makonovetsky, A. E. ",transcription (Makonovetsky),Violin,Khabno,-,-,Kiev,Khabno,D,Up P5,,All major,yes
No217,beregovski217.png,,,No. 217,Beregovski (trans.); Malin (encoded),,Bulgar,Major,,,,2015,,dance,image/png,,,,Knaifel,transcription,Bass,Vinnitsa,1937,-,Vinnitsa,-,D,Up P5,,All major,yes
No218,beregovski218.png,,,No. 218,Beregovski (trans.); Malin (encoded),,Khosid,Minor,,,,2015,,dance,image/png,,,,"Mesman, V.",transcription,-,-,1912,-,-,-,G,-,,All freygish,yes
No219,beregovski219.png,,,No. 219,Beregovski (trans.); Malin (encoded),,Khosid,Minor,,,,2015,,dance,image/png,,,,"Makonovetsky, A. E. ",transcription (Makonovetsky),Violin,Khabno,-,-,Kiev,Khabno,A,Up M2,,All minor,yes
No220,beregovski220.png,,,No. 220,Beregovski (trans.); Malin (encoded),,Khosidl,Minor,,,,2015,,dance,image/png,,,,"Gershfeld, G.",transcription,Violin,Tiraspol,1937,-,Kiev,Berdichev,-,-,C major,33-48,no
No221,beregovski221.png,,,No. 221,Beregovski (trans.); Malin (encoded),,Khosid,Minor,,,,2015,,dance,image/png,,,,"Gershfeld, G.",transcription,Violin,Tiraspol,1937,-,Kiev,Berdichev,D,Up P5,,All minor,yes
No222,beregovski222.png,,,No. 222,Beregovski (trans.); Malin (encoded),,Khosid,Minor,,,,2015,,dance,image/png,,,,"Gershfeld, G.",transcription,Violin,Tiraspol,1937,-,Kiev,Berdichev,-,-,Bb major,17-24,no
No223,beregovski223.png,,,No. 223,Beregovski (trans.); Malin (encoded),,Khosid,Major,,,,2015,,dance,image/png,,,,"Barkagan, G.",transcription,Clarinet,"Kalinindorf, Nikolaev",-,-,Old Jewish Agricultural Colonies,Kalinindorf,-,-,G altered Dorian,9-19,no
No224,beregovski224.png,,,No. 224,Beregovski (trans.); Malin (encoded),,Khosid,Minor,,,,2015,,dance,image/png,,,,Anonymous,transcription,-,-,-,-,Unknown,-,-,-,,All major,yes
No225,beregovski225.png,,,No. 225,Beregovski (trans.); Malin (encoded),,Shtok,Minor,,,,2015,,dance,image/png,,,,"Makonovetsky, A. E. ",transcription (Makonovetsky),Violin,Khabno,-,-,Kiev,Khabno,A,Up M2,,All minor,yes
No226,beregovski226.png,,,No. 226,Beregovski (trans.); Malin (encoded),,Shtok,Major,,,,2015,,dance,image/png,,,,"Barkagan, G.",transcription,Clarinet,"Kalinindorf, Nikolaev",-,-,Old Jewish Agricultural Colonies,Kalinindorf,A,Up M3,,All minor,yes
No227,beregovski227.png,,,No. 227,Beregovski (trans.); Malin (encoded),,Ange,Minor,,,,2015,,dance,image/png,,,,"Barkagan, G.",transcription,Clarinet,"Kalinindorf, Nikolaev",-,-,Old Jewish Agricultural Colonies,Kalinindorf,A,Up M4,Bb major,1-5; 11-15,no
No228,beregovski228.png,,,No. 228,Beregovski (trans.); Malin (encoded),,Ange,Major,,,,2015,,dance,image/png,,,,Anonymous,transcription,-,-,-,-,Unknown,-,D,Up P5,,All minor,yes
No229,beregovski229.png,,,No. 229,Beregovski (trans.); Malin (encoded),,Ot azoy,Minor,,,,2015,,dance,image/png,,,,Knaifel,trasncription,Bass,Vinnitsa,1937,-,Vinnitsa,-,A,Up M2,,All minor,yes
No230,beregovski230.png,,,No. 230,Beregovski (trans.); Malin (encoded),,Lomir zikh iberbetn,Freygish,,,,2015,,dance,image/png,,,,"Barkagan, G.",transcription,Clarinet,"Kalinindorf, Nikolaev",-,-,Old Jewish Agricultural Colonies,Kalinindorf,D,Up P5,,All major,yes
No231,beregovski231.png,,,No. 231,Beregovski (trans.); Malin (encoded),,Broyges-tants,Freygish,,,,2015,,dance,image/png,,,,"Barkagan, G.",transcription,Clarinet,"Kalinindorf, Nikolaev",-,-,Old Jewish Agricultural Colonies,Kalinindorf,D,Up P5,,All minor,yes
No232,beregovski232.png,,,No. 232,Beregovski (trans.); Malin (encoded),,Alter yidisher tants,Minor,,,,2015,,dance,image/png,,,,"Gulerman, Z.",recording,Flute,Kiev,1935,-,Kiev,"Boguslav, Brusilov, Zvenigorodka, Korostyshev, Makarov, Uman', or Fastov",-,-,,All minor,yes
No233,beregovski233.png,,,No. 233,Beregovski (trans.); Malin (encoded),,Shuster,Minor,,,,2015,,dance,image/png,,,,"Makonovetsky, A. E. ",transcription (Makonovetsky),Violin,Khabno,-,-,Kiev,Khabno,D,Up P5,,All major,yes
No234,beregovski234.png,,,No. 234,Beregovski (trans.); Malin (encoded),,Shuster,Minor,,,,2015,,dance,image/png,,,,"Gershfeld, G.",transcription,Violin,Tiraspol,1937,-,Kiev,Berdichev,A,Up M2,G freygish,18-20,no
No235,beregovski235.png,,,No. 235,Beregovski (trans.); Malin (encoded),,Kozatshke,Major,,,,2015,,dance,image/png,,,,"Gershfeld, G.",transcription,Violin,Tiraspol,1937,-,Kiev,Berdichev,-,-,C major,13-20,no
No236,beregovski236.png,,,No. 236,Beregovski (trans.); Malin (encoded),,Kozatshke,Major,,,,2015,,dance,image/png,,,,"Gershfeld, G.",transcription,Violin,Tiraspol,1937,-,Kiev,Berdichev,D,Up P5,G freygish,9-16,no
No237,beregovski237.png,,,No. 237,Beregovski (trans.); Malin (encoded),,Kozatshke,Major,,,,2015,,dance,image/png,,,,"Barkagan, G.",transcription,Clarinet,"Kalinindorf, Nikolaev",-,-,Old Jewish Agricultural Colonies,Kalinindorf,-,-,,All freygish,yes
No238,beregovski238.png,,,No. 238,Beregovski (trans.); Malin (encoded),,Kozatshke,Minor,,,,2015,,dance,image/png,,,,"Mesman, V.",transcription,-,-,1912,-,Unknown,-,-,-,,All freygish,yes
No239,beregovski239.png,,,No. 239,Beregovski (trans.); Malin (encoded),,Kozatshke (yidishe),Major,,,,2015,,dance,image/png,,,,"Mesman, V.",transcription,-,-,1912,-,Unknown,-,-,-,,All minor,yes
No240,beregovski240.png,,,No. 240,Beregovski (trans.); Malin (encoded),,Bitshok,Major,,,,2015,,dance,image/png,,,,"Makonovetsky, A. E. ",transcription (Makonovetsky),Violin,Khabno,-,-,Kiev,Khabno,D,Up P5,,All minor,yes
No241,beregovski241.png,,,No. 241,Beregovski (trans.); Malin (encoded),,Zhok,Freygish,,,,2015,,dance,image/png,,,,"Barkagan, G.",transcription,Clarinet,"Kalinindorf, Nikolaev",-,-,Old Jewish Agricultural Colonies,Kalinindorf,A,Up M2,,All minor,yes
No242,beregovski242.png,,,No. 242,Beregovski (trans.); Malin (encoded),,Zhok,Freygish,,,,2015,,dance,image/png,,,,"Makonovetsky, A. E. ",transcription (Makonovetsky),Violin,Khabno,-,-,Kiev,Khabno,-,-,,All major,yes
No243,beregovski243.png,,,No. 243,Beregovski (trans.); Malin (encoded),,Zhok,Altered Dorian,,,,2015,,dance,image/png,,,,"Makonovetsky, A. E. ",transcription (Makonovetsky),Violin,Khabno,-,-,Kiev,Khabno,-,-,E minor,6-10,no
No244,beregovski244.png,,,No. 244,Beregovski (trans.); Malin (encoded),,Zhok,Altered Dorian,,,,2015,,dance,image/png,,,,"Slobodskoi, M.",recording,Clarinet,Kiev,1936,-,Kiev,"Boguslav, Brusilov, Zvenigorodka, Korostyshev, Makarov, Uman', or Fastov",-,-,E minor,18-25,no
No245,beregovski245.png,,,No. 245,Beregovski (trans.); Malin (encoded),,Zhok,Minor,,,,2015,,dance,image/png,,,,"Makonovetsky, A. E. ",transcription (Makonovetsky),Violin,Khabno,-,-,Kiev,Khabno,-,-,Bb major,10-18,no
No246,beregovski246.png,,,No. 246,Beregovski (trans.); Malin (encoded),,Zhok,Minor,,,,2015,,dance,image/png,,,,"Makonovetsky, A. E. ",transcription (Makonovetsky),Violin,Khabno,-,-,Kiev,Khabno,-,-,,All major,yes
No247,beregovski247.png,,,No. 247,Beregovski (trans.); Malin (encoded),,Olandre (lyondre),Minor,,,,2015,,dance,image/png,,,,Knaifel,transcription,Bass,Vinnitsa,1937,-,Vinnitsa,-,-,-,,All major,yes
No248,beregovski248.png,,,No. 248,Beregovski (trans.); Malin (encoded),,Olandre (lyondre),Minor,,,,2015,,dance,image/png,,,,"Sakhnovsky, B.",transcription,Violin,-,-,-,Kiev,"Boguslav, Brusilov, Zvenigorodka, Korostyshev, Makarov, Uman', or Fastov",A,Up M2,F major,19-27,no
No249,beregovski249.png,,,No. 249,Beregovski (trans.); Malin (encoded),,Olandre (lyondre),Minor,,,,2015,,dance,image/png,,,,Knaifel,transcription,Bass,Vinnitsa,1937,-,Vinnitsa,-,-,-,C minor; D freygish,10-15; 16-19,no
No250,beregovski250.png,,,No. 250,Beregovski (trans.); Malin (encoded),,Olandre (lyondre),Minor,,,,2015,,dance,image/png,,,,"Sakhnovsky, B.",transcription,Violin,-,-,-,Kiev,"Boguslav, Brusilov, Zvenigorodka, Korostyshev, Makarov, Uman', or Fastov",A,Up M2,Bb major; G freygish,17-28; 29-42,no
No251,beregovski251.png,,,No. 251,Beregovski (trans.); Malin (encoded),,Volekh,Minor,,,,2015,,dance,image/png,,,,"Sakhnovsky, B.",transcription,Violin,-,-,-,Kiev,"Boguslav, Brusilov, Zvenigorodka, Korostyshev, Makarov, Uman', or Fastov",-,-,,All altered dorian,yes
No252,beregovski252.png,,,No. 252,Beregovski (trans.); Malin (encoded),,Volekh,Minor,,,,2015,,dance,image/png,,,,"Makonovetsky, A. E. ",transcription (Makonovetsky),Violin,Khabno,-,-,Kiev,Khabno,D,Up P5,,All minor,yes
No253,beregovski253.png,,,No. 253,Beregovski (trans.); Malin (encoded),,Volekh,Major,,,,2015,,dance,image/png,,,,"Gulerman, Z.",recording,Flute,Kiev,1935,-,Kiev,"Boguslav, Brusilov, Zvenigorodka, Korostyshev, Makarov, Uman', or Fastov",-,-,Bb major,1-10,no
No254,beregovski254.png,,,No. 254,Beregovski (trans.); Malin (encoded),,Volekh,Altered Dorian,,,,2015,,dance,image/png,,,,Knaifel,transcription,Bass,Vinnitsa,1937,-,Vinnitsa,-,A,Up M2,G altered Dorian,9-14,no
,,,,,,,,,,,,,,,,,,,"Marshak, A.",recording,Voice,Odessa,1930,-,Various Cities and Towns,Odessa,-,-,Bb major,1-8,no
,,,,,,,,,,,,,,,,,,,"Gulerman, Z.",recording,Flute,Kiev,1935,-,Kiev,"Boguslav, Brusilov, Zvenigorodka, Korostyshev, Makarov, Uman', or Fastov",-,-,Bb major,1-8,no
,,,,,,,,,,,,,,,,,,,"Barkagan, G.",transcription,Clarinet,"Kalinindorf, Nikolaev",-,-,Old Jewish Agricultural Colonies,Kalinindorf,Bb,Up m3,,All minor,yes
,,,,,,,,,,,,,,,,,,,"Barkagan, G.",transcription,Clarinet,"Kalinindorf, Nikolaev",-,-,Old Jewish Agricultural Colonies,Kalinindorf,-,-,G altered Dorian,5-8,no
,,,,,,,,,,,,,,,,,,,"Komendant, M. G.",transcription,-,Kremenets,1885,-,Unknown,-,E or Eb,Down m/M3,G altered Dorian; G major,21-45; 46-61,no
,,,,,,,,,,,,,,,,,,,"Barkagan, G.",transcription,Clarinet,"Kalinindorf, Nikolaev",-,-,Old Jewish Agricultural Colonies,Kalinindorf,-,-,G altered Dorian,18-25,no
,,,,,,,,,,,,,,,,,,,"Barkagan, G.",transcription,Clarinet,"Kalinindorf, Nikolaev",-,-,Old Jewish Agricultural Colonies,Kalinindorf,D,Up P5,,All altered dorian,yes
,,,,,,,,,,,,,,,,,,,,,,,,,,,,,,,
,,,,,,,,,,,,,,,,,,,,,,,,,,,,,,,
,,,,,,,,,,,,,,,,,,,,,,,,,,,,,,,
,,,,,,,,,,,,,,,,,,,,,,,,,,,,,,,
,,,,,,,,,,,,,,,,,,,,,,,,,,,,,,,
,,,,,,,,,,,,,,,,,,,,,,,,,,,,,,,
,,,,,,,,,,,,,,,,,,,,,,,,,,,,,,,
,,,,,,,,,,,,,,,,,,,,,,,,,,,,,,,
,,,,,,,,,,,,,,,,,,,,,,,,,,,,,,,
,,,,,,,,,,,,,,,,,,,,,,,,,,,,,,,
,,,,,,,,,,,,,,,,,,,,,,,,,,,,,,,
,,,,,,,,,,,,,,,,,,,,,,,,,,,,,,,
,,,,,,,,,,,,,,,,,,,,,,,,,,,,,,,
,,,,,,,,,,,,,,,,,,,,,,,,,,,,,,,
,,,,,,,,,,,,,,,,,,,,,,,,,,,,,,,
,,,,,,,,,,,,,,,,,,,,,,,,,,,,,,,
,,,,,,,,,,,,,,,,,,,,,,,,,,,,,,,
,,,,,,,,,,,,,,,,,,,,,,,,,,,,,,,
,,,,,,,,,,,,,,,,,,,,,,,,,,,,,,,
,,,,,,,,,,,,,,,,,,,,,,,,,,,,,,,
,,,,,,,,,,,,,,,,,,,,,,,,,,,,,,,
,,,,,,,,,,,,,,,,,,,,,,,,,,,,,,,
,,,,,,,,,,,,,,,,,,,,,,,,,,,,,,,
,,,,,,,,,,,,,,,,,,,,,,,,,,,,,,,
,,,,,,,,,,,,,,,,,,,,,,,,,,,,,,,
,,,,,,,,,,,,,,,,,,,,,,,,,,,,,,,
,,,,,,,,,,,,,,,,,,,,,,,,,,,,,,,
,,,,,,,,,,,,,,,,,,,,,,,,,,,,,,,
,,,,,,,,,,,,,,,,,,,,,,,,,,,,,,,
,,,,,,,,,,,,,,,,,,,,,,,,,,,,,,,
,,,,,,,,,,,,,,,,,,,,,,,,,,,,,,,
,,,,,,,,,,,,,,,,,,,,,,,,,,,,,,,
,,,,,,,,,,,,,,,,,,,,,,,,,,,,,,,
,,,,,,,,,,,,,,,,,,,,,,,,,,,,,,,
,,,,,,,,,,,,,,,,,,,,,,,,,,,,,,,
,,,,,,,,,,,,,,,,,,,,,,,,,,,,,,,
,,,,,,,,,,,,,,,,,,,,,,,,,,,,,,,
,,,,,,,,,,,,,,,,,,,,,,,,,,,,,,,
,,,,,,,,,,,,,,,,,,,,,,,,,,,,,,,
,,,,,,,,,,,,,,,,,,,,,,,,,,,,,,,
,,,,,,,,,,,,,,,,,,,,,,,,,,,,,,,
,,,,,,,,,,,,,,,,,,,,,,,,,,,,,,,
,,,,,,,,,,,,,,,,,,,,,,,,,,,,,,,
,,,,,,,,,,,,,,,,,,,,,,,,,,,,,,,
,,,,,,,,,,,,,,,,,,,,,,,,,,,,,,,
,,,,,,,,,,,,,,,,,,,,,,,,,,,,,,,
,,,,,,,,,,,,,,,,,,,,,,,,,,,,,,,
,,,,,,,,,,,,,,,,,,,,,,,,,,,,,,,
,,,,,,,,,,,,,,,,,,,,,,,,,,,,,,,
,,,,,,,,,,,,,,,,,,,,,,,,,,,,,,,
,,,,,,,,,,,,,,,,,,,,,,,,,,,,,,,
,,,,,,,,,,,,,,,,,,,,,,,,,,,,,,,
,,,,,,,,,,,,,,,,,,,,,,,,,,,,,,,
,,,,,,,,,,,,,,,,,,,,,,,,,,,,,,,
,,,,,,,,,,,,,,,,,,,,,,,,,,,,,,,
,,,,,,,,,,,,,,,,,,,,,,,,,,,,,,,
,,,,,,,,,,,,,,,,,,,,,,,,,,,,,,,
,,,,,,,,,,,,,,,,,,,,,,,,,,,,,,,
,,,,,,,,,,,,,,,,,,,,,,,,,,,,,,,
,,,,,,,,,,,,,,,,,,,,,,,,,,,,,,,
,,,,,,,,,,,,,,,,,,,,,,,,,,,,,,,
,,,,,,,,,,,,,,,,,,,,,,,,,,,,,,,
,,,,,,,,,,,,,,,,,,,,,,,,,,,,,,,
,,,,,,,,,,,,,,,,,,,,,,,,,,,,,,,
,,,,,,,,,,,,,,,,,,,,,,,,,,,,,,,
,,,,,,,,,,,,,,,,,,,,,,,,,,,,,,,
,,,,,,,,,,,,,,,,,,,,,,,,,,,,,,,
,,,,,,,,,,,,,,,,,,,,,,,,,,,,,,,
,,,,,,,,,,,,,,,,,,,,,,,,,,,,,,,
,,,,,,,,,,,,,,,,,,,,,,,,,,,,,,,
,,,,,,,,,,,,,,,,,,,,,,,,,,,,,,,
,,,,,,,,,,,,,,,,,,,,,,,,,,,,,,,
,,,,,,,,,,,,,,,,,,,,,,,,,,,,,,,
,,,,,,,,,,,,,,,,,,,,,,,,,,,,,,,
,,,,,,,,,,,,,,,,,,,,,,,,,,,,,,,
,,,,,,,,,,,,,,,,,,,,,,,,,,,,,,,
,,,,,,,,,,,,,,,,,,,,,,,,,,,,,,,
,,,,,,,,,,,,,,,,,,,,,,,,,,,,,,,
,,,,,,,,,,,,,,,,,,,,,,,,,,,,,,,
,,,,,,,,,,,,,,,,,,,,,,,,,,,,,,,
,,,,,,,,,,,,,,,,,,,,,,,,,,,,,,,
,,,,,,,,,,,,,,,,,,,,,,,,,,,,,,,
,,,,,,,,,,,,,,,,,,,,,,,,,,,,,,,
,,,,,,,,,,,,,,,,,,,,,,,,,,,,,,,
,,,,,,,,,,,,,,,,,,,,,,,,,,,,,,,
,,,,,,,,,,,,,,,,,,,,,,,,,,,,,,,
,,,,,,,,,,,,,,,,,,,,,,,,,,,,,,,
,,,,,,,,,,,,,,,,,,,,,,,,,,,,,,,
,,,,,,,,,,,,,,,,,,,,,,,,,,,,,,,
,,,,,,,,,,,,,,,,,,,,,,,,,,,,,,,
,,,,,,,,,,,,,,,,,,,,,,,,,,,,,,,
,,,,,,,,,,,,,,,,,,,,,,,,,,,,,,,
,,,,,,,,,,,,,,,,,,,,,,,,,,,,,,,
,,,,,,,,,,,,,,,,,,,,,,,,,,,,,,,
,,,,,,,,,,,,,,,,,,,,,,,,,,,,,,,
,,,,,,,,,,,,,,,,,,,,,,,,,,,,,,,
,,,,,,,,,,,,,,,,,,,,,,,,,,,,,,,
,,,,,,,,,,,,,,,,,,,,,,,,,,,,,,,
,,,,,,,,,,,,,,,,,,,,,,,,,,,,,,,
,,,,,,,,,,,,,,,,,,,,,,,,,,,,,,,
,,,,,,,,,,,,,,,,,,,,,,,,,,,,,,,
,,,,,,,,,,,,,,,,,,,,,,,,,,,,,,,
,,,,,,,,,,,,,,,,,,,,,,,,,,,,,,,
,,,,,,,,,,,,,,,,,,,,,,,,,,,,,,,
,,,,,,,,,,,,,,,,,,,,,,,,,,,,,,,
,,,,,,,,,,,,,,,,,,,,,,,,,,,,,,,
,,,,,,,,,,,,,,,,,,,,,,,,,,,,,,,
,,,,,,,,,,,,,,,,,,,,,,,,,,,,,,,
,,,,,,,,,,,,,,,,,,,,,,,,,,,,,,,
,,,,,,,,,,,,,,,,,,,,,,,,,,,,,,,
,,,,,,,,,,,,,,,,,,,,,,,,,,,,,,,
,,,,,,,,,,,,,,,,,,,,,,,,,,,,,,,
,,,,,,,,,,,,,,,,,,,,,,,,,,,,,,,
,,,,,,,,,,,,,,,,,,,,,,,,,,,,,,,
,,,,,,,,,,,,,,,,,,,,,,,,,,,,,,,
,,,,,,,,,,,,,,,,,,,,,,,,,,,,,,,
,,,,,,,,,,,,,,,,,,,,,,,,,,,,,,,
,,,,,,,,,,,,,,,,,,,,,,,,,,,,,,,
,,,,,,,,,,,,,,,,,,,,,,,,,,,,,,,
,,,,,,,,,,,,,,,,,,,,,,,,,,,,,,,
,,,,,,,,,,,,,,,,,,,,,,,,,,,,,,,
,,,,,,,,,,,,,,,,,,,,,,,,,,,,,,,
,,,,,,,,,,,,,,,,,,,,,,,,,,,,,,,
,,,,,,,,,,,,,,,,,,,,,,,,,,,,,,,
,,,,,,,,,,,,,,,,,,,,,,,,,,,,,,,
,,,,,,,,,,,,,,,,,,,,,,,,,,,,,,,
,,,,,,,,,,,,,,,,,,,,,,,,,,,,,,,
,,,,,,,,,,,,,,,,,,,,,,,,,,,,,,,
,,,,,,,,,,,,,,,,,,,,,,,,,,,,,,,
,,,,,,,,,,,,,,,,,,,,,,,,,,,,,,,
,,,,,,,,,,,,,,,,,,,,,,,,,,,,,,,
,,,,,,,,,,,,,,,,,,,,,,,,,,,,,,,
,,,,,,,,,,,,,,,,,,,,,,,,,,,,,,,
,,,,,,,,,,,,,,,,,,,,,,,,,,,,,,,
,,,,,,,,,,,,,,,,,,,,,,,,,,,,,,,
,,,,,,,,,,,,,,,,,,,,,,,,,,,,,,,
,,,,,,,,,,,,,,,,,,,,,,,,,,,,,,,
,,,,,,,,,,,,,,,,,,,,,,,,,,,,,,,
,,,,,,,,,,,,,,,,,,,,,,,,,,,,,,,
,,,,,,,,,,,,,,,,,,,,,,,,,,,,,,,
,,,,,,,,,,,,,,,,,,,,,,,,,,,,,,,
,,,,,,,,,,,,,,,,,,,,,,,,,,,,,,,
,,,,,,,,,,,,,,,,,,,,,,,,,,,,,,,
,,,,,,,,,,,,,,,,,,,,,,,,,,,,,,,
,,,,,,,,,,,,,,,,,,,,,,,,,,,,,,,
,,,,,,,,,,,,,,,,,,,,,,,,,,,,,,,
,,,,,,,,,,,,,,,,,,,,,,,,,,,,,,,
,,,,,,,,,,,,,,,,,,,,,,,,,,,,,,,
,,,,,,,,,,,,,,,,,,,,,,,,,,,,,,,
,,,,,,,,,,,,,,,,,,,,,,,,,,,,,,,
,,,,,,,,,,,,,,,,,,,,,,,,,,,,,,,
,,,,,,,,,,,,,,,,,,,,,,,,,,,,,,,
,,,,,,,,,,,,,,,,,,,,,,,,,,,,,,,
,,,,,,,,,,,,,,,,,,,,,,,,,,,,,,,
,,,,,,,,,,,,,,,,,,,,,,,,,,,,,,,
,,,,,,,,,,,,,,,,,,,,,,,,,,,,,,,
,,,,,,,,,,,,,,,,,,,,,,,,,,,,,,,
,,,,,,,,,,,,,,,,,,,,,,,,,,,,,,,
,,,,,,,,,,,,,,,,,,,,,,,,,,,,,,,
,,,,,,,,,,,,,,,,,,,,,,,,,,,,,,,
,,,,,,,,,,,,,,,,,,,,,,,,,,,,,,,
,,,,,,,,,,,,,,,,,,,,,,,,,,,,,,,
,,,,,,,,,,,,,,,,,,,,,,,,,,,,,,,
,,,,,,,,,,,,,,,,,,,,,,,,,,,,,,,
,,,,,,,,,,,,,,,,,,,,,,,,,,,,,,,
,,,,,,,,,,,,,,,,,,,,,,,,,,,,,,,
,,,,,,,,,,,,,,,,,,,,,,,,,,,,,,,
,,,,,,,,,,,,,,,,,,,,,,,,,,,,,,,
,,,,,,,,,,,,,,,,,,,,,,,,,,,,,,,
,,,,,,,,,,,,,,,,,,,,,,,,,,,,,,,
,,,,,,,,,,,,,,,,,,,,,,,,,,,,,,,
,,,,,,,,,,,,,,,,,,,,,,,,,,,,,,,
,,,,,,,,,,,,,,,,,,,,,,,,,,,,,,,
,,,,,,,,,,,,,,,,,,,,,,,,,,,,,,,
,,,,,,,,,,,,,,,,,,,,,,,,,,,,,,,
,,,,,,,,,,,,,,,,,,,,,,,,,,,,,,,
,,,,,,,,,,,,,,,,,,,,,,,,,,,,,,,
,,,,,,,,,,,,,,,,,,,,,,,,,,,,,,,
,,,,,,,,,,,,,,,,,,,,,,,,,,,,,,,
,,,,,,,,,,,,,,,,,,,,,,,,,,,,,,,
,,,,,,,,,,,,,,,,,,,,,,,,,,,,,,,
,,,,,,,,,,,,,,,,,,,,,,,,,,,,,,,
,,,,,,,,,,,,,,,,,,,,,,,,,,,,,,,
,,,,,,,,,,,,,,,,,,,,,,,,,,,,,,,
,,,,,,,,,,,,,,,,,,,,,,,,,,,,,,,
,,,,,,,,,,,,,,,,,,,,,,,,,,,,,,,
,,,,,,,,,,,,,,,,,,,,,,,,,,,,,,,
,,,,,,,,,,,,,,,,,,,,,,,,,,,,,,,
,,,,,,,,,,,,,,,,,,,,,,,,,,,,,,,
,,,,,,,,,,,,,,,,,,,,,,,,,,,,,,,
,,,,,,,,,,,,,,,,,,,,,,,,,,,,,,,
,,,,,,,,,,,,,,,,,,,,,,,,,,,,,,,
,,,,,,,,,,,,,,,,,,,,,,,,,,,,,,,
,,,,,,,,,,,,,,,,,,,,,,,,,,,,,,,
,,,,,,,,,,,,,,,,,,,,,,,,,,,,,,,
,,,,,,,,,,,,,,,,,,,,,,,,,,,,,,,
,,,,,,,,,,,,,,,,,,,,,,,,,,,,,,,
,,,,,,,,,,,,,,,,,,,,,,,,,,,,,,,
,,,,,,,,,,,,,,,,,,,,,,,,,,,,,,,
,,,,,,,,,,,,,,,,,,,,,,,,,,,,,,,
,,,,,,,,,,,,,,,,,,,,,,,,,,,,,,,
,,,,,,,,,,,,,,,,,,,,,,,,,,,,,,,
,,,,,,,,,,,,,,,,,,,,,,,,,,,,,,,
,,,,,,,,,,,,,,,,,,,,,,,,,,,,,,,
,,,,,,,,,,,,,,,,,,,,,,,,,,,,,,,
,,,,,,,,,,,,,,,,,,,,,,,,,,,,,,,
,,,,,,,,,,,,,,,,,,,,,,,,,,,,,,,
,,,,,,,,,,,,,,,,,,,,,,,,,,,,,,,
,,,,,,,,,,,,,,,,,,,,,,,,,,,,,,,
,,,,,,,,,,,,,,,,,,,,,,,,,,,,,,,
,,,,,,,,,,,,,,,,,,,,,,,,,,,,,,,
,,,,,,,,,,,,,,,,,,,,,,,,,,,,,,,
,,,,,,,,,,,,,,,,,,,,,,,,,,,,,,,
,,,,,,,,,,,,,,,,,,,,,,,,,,,,,,,
,,,,,,,,,,,,,,,,,,,,,,,,,,,,,,,
,,,,,,,,,,,,,,,,,,,,,,,,,,,,,,,
,,,,,,,,,,,,,,,,,,,,,,,,,,,,,,,
,,,,,,,,,,,,,,,,,,,,,,,,,,,,,,,
,,,,,,,,,,,,,,,,,,,,,,,,,,,,,,,
,,,,,,,,,,,,,,,,,,,,,,,,,,,,,,,
,,,,,,,,,,,,,,,,,,,,,,,,,,,,,,,
,,,,,,,,,,,,,,,,,,,,,,,,,,,,,,,
,,,,,,,,,,,,,,,,,,,,,,,,,,,,,,,
,,,,,,,,,,,,,,,,,,,,,,,,,,,,,,,
,,,,,,,,,,,,,,,,,,,,,,,,,,,,,,,
,,,,,,,,,,,,,,,,,,,,,,,,,,,,,,,
,,,,,,,,,,,,,,,,,,,,,,,,,,,,,,,
,,,,,,,,,,,,,,,,,,,,,,,,,,,,,,,
,,,,,,,,,,,,,,,,,,,,,,,,,,,,,,,
,,,,,,,,,,,,,,,,,,,,,,,,,,,,,,,
,,,,,,,,,,,,,,,,,,,,,,,,,,,,,,,
,,,,,,,,,,,,,,,,,,,,,,,,,,,,,,,
,,,,,,,,,,,,,,,,,,,,,,,,,,,,,,,
,,,,,,,,,,,,,,,,,,,,,,,,,,,,,,,
,,,,,,,,,,,,,,,,,,,,,,,,,,,,,,,
,,,,,,,,,,,,,,,,,,,,,,,,,,,,,,,
,,,,,,,,,,,,,,,,,,,,,,,,,,,,,,,
,,,,,,,,,,,,,,,,,,,,,,,,,,,,,,,
,,,,,,,,,,,,,,,,,,,,,,,,,,,,,,,
,,,,,,,,,,,,,,,,,,,,,,,,,,,,,,,
,,,,,,,,,,,,,,,,,,,,,,,,,,,,,,,
,,,,,,,,,,,,,,,,,,,,,,,,,,,,,,,
,,,,,,,,,,,,,,,,,,,,,,,,,,,,,,,
,,,,,,,,,,,,,,,,,,,,,,,,,,,,,,,
,,,,,,,,,,,,,,,,,,,,,,,,,,,,,,,
,,,,,,,,,,,,,,,,,,,,,,,,,,,,,,,
,,,,,,,,,,,,,,,,,,,,,,,,,,,,,,,
,,,,,,,,,,,,,,,,,,,,,,,,,,,,,,,
,,,,,,,,,,,,,,,,,,,,,,,,,,,,,,,
,,,,,,,,,,,,,,,,,,,,,,,,,,,,,,,
,,,,,,,,,,,,,,,,,,,,,,,,,,,,,,,
,,,,,,,,,,,,,,,,,,,,,,,,,,,,,,,
,,,,,,,,,,,,,,,,,,,,,,,,,,,,,,,
,,,,,,,,,,,,,,,,,,,,,,,,,,,,,,,
,,,,,,,,,,,,,,,,,,,,,,,,,,,,,,,
,,,,,,,,,,,,,,,,,,,,,,,,,,,,,,,
,,,,,,,,,,,,,,,,,,,,,,,,,,,,,,,
,,,,,,,,,,,,,,,,,,,,,,,,,,,,,,,
,,,,,,,,,,,,,,,,,,,,,,,,,,,,,,,
,,,,,,,,,,,,,,,,,,,,,,,,,,,,,,,
,,,,,,,,,,,,,,,,,,,,,,,,,,,,,,,
,,,,,,,,,,,,,,,,,,,,,,,,,,,,,,,
,,,,,,,,,,,,,,,,,,,,,,,,,,,,,,,
,,,,,,,,,,,,,,,,,,,,,,,,,,,,,,,
,,,,,,,,,,,,,,,,,,,,,,,,,,,,,,,
,,,,,,,,,,,,,,,,,,,,,,,,,,,,,,,
,,,,,,,,,,,,,,,,,,,,,,,,,,,,,,,
,,,,,,,,,,,,,,,,,,,,,,,,,,,,,,,
,,,,,,,,,,,,,,,,,,,,,,,,,,,,,,,
,,,,,,,,,,,,,,,,,,,,,,,,,,,,,,,
,,,,,,,,,,,,,,,,,,,,,,,,,,,,,,,
,,,,,,,,,,,,,,,,,,,,,,,,,,,,,,,
,,,,,,,,,,,,,,,,,,,,,,,,,,,,,,,
,,,,,,,,,,,,,,,,,,,,,,,,,,,,,,,
,,,,,,,,,,,,,,,,,,,,,,,,,,,,,,,
,,,,,,,,,,,,,,,,,,,,,,,,,,,,,,,
,,,,,,,,,,,,,,,,,,,,,,,,,,,,,,,
,,,,,,,,,,,,,,,,,,,,,,,,,,,,,,,
,,,,,,,,,,,,,,,,,,,,,,,,,,,,,,,
,,,,,,,,,,,,,,,,,,,,,,,,,,,,,,,
,,,,,,,,,,,,,,,,,,,,,,,,,,,,,,,
,,,,,,,,,,,,,,,,,,,,,,,,,,,,,,,
,,,,,,,,,,,,,,,,,,,,,,,,,,,,,,,
,,,,,,,,,,,,,,,,,,,,,,,,,,,,,,,
,,,,,,,,,,,,,,,,,,,,,,,,,,,,,,,
,,,,,,,,,,,,,,,,,,,,,,,,,,,,,,,
,,,,,,,,,,,,,,,,,,,,,,,,,,,,,,,
,,,,,,,,,,,,,,,,,,,,,,,,,,,,,,,
,,,,,,,,,,,,,,,,,,,,,,,,,,,,,,,
,,,,,,,,,,,,,,,,,,,,,,,,,,,,,,,
,,,,,,,,,,,,,,,,,,,,,,,,,,,,,,,
,,,,,,,,,,,,,,,,,,,,,,,,,,,,,,,
,,,,,,,,,,,,,,,,,,,,,,,,,,,,,,,
,,,,,,,,,,,,,,,,,,,,,,,,,,,,,,,
,,,,,,,,,,,,,,,,,,,,,,,,,,,,,,,
,,,,,,,,,,,,,,,,,,,,,,,,,,,,,,,
,,,,,,,,,,,,,,,,,,,,,,,,,,,,,,,
,,,,,,,,,,,,,,,,,,,,,,,,,,,,,,,
,,,,,,,,,,,,,,,,,,,,,,,,,,,,,,,
,,,,,,,,,,,,,,,,,,,,,,,,,,,,,,,
,,,,,,,,,,,,,,,,,,,,,,,,,,,,,,,
,,,,,,,,,,,,,,,,,,,,,,,,,,,,,,,
,,,,,,,,,,,,,,,,,,,,,,,,,,,,,,,
,,,,,,,,,,,,,,,,,,,,,,,,,,,,,,,
,,,,,,,,,,,,,,,,,,,,,,,,,,,,,,,
,,,,,,,,,,,,,,,,,,,,,,,,,,,,,,,
,,,,,,,,,,,,,,,,,,,,,,,,,,,,,,,
,,,,,,,,,,,,,,,,,,,,,,,,,,,,,,,
,,,,,,,,,,,,,,,,,,,,,,,,,,,,,,,
,,,,,,,,,,,,,,,,,,,,,,,,,,,,,,,
,,,,,,,,,,,,,,,,,,,,,,,,,,,,,,,
,,,,,,,,,,,,,,,,,,,,,,,,,,,,,,,
,,,,,,,,,,,,,,,,,,,,,,,,,,,,,,,
,,,,,,,,,,,,,,,,,,,,,,,,,,,,,,,
,,,,,,,,,,,,,,,,,,,,,,,,,,,,,,,
,,,,,,,,,,,,,,,,,,,,,,,,,,,,,,,
,,,,,,,,,,,,,,,,,,,,,,,,,,,,,,,
,,,,,,,,,,,,,,,,,,,,,,,,,,,,,,,
,,,,,,,,,,,,,,,,,,,,,,,,,,,,,,,
,,,,,,,,,,,,,,,,,,,,,,,,,,,,,,,
,,,,,,,,,,,,,,,,,,,,,,,,,,,,,,,
,,,,,,,,,,,,,,,,,,,,,,,,,,,,,,,
,,,,,,,,,,,,,,,,,,,,,,,,,,,,,,,
,,,,,,,,,,,,,,,,,,,,,,,,,,,,,,,
,,,,,,,,,,,,,,,,,,,,,,,,,,,,,,,
,,,,,,,,,,,,,,,,,,,,,,,,,,,,,,,
,,,,,,,,,,,,,,,,,,,,,,,,,,,,,,,
,,,,,,,,,,,,,,,,,,,,,,,,,,,,,,,
,,,,,,,,,,,,,,,,,,,,,,,,,,,,,,,
,,,,,,,,,,,,,,,,,,,,,,,,,,,,,,,
,,,,,,,,,,,,,,,,,,,,,,,,,,,,,,,
,,,,,,,,,,,,,,,,,,,,,,,,,,,,,,,
,,,,,,,,,,,,,,,,,,,,,,,,,,,,,,,
,,,,,,,,,,,,,,,,,,,,,,,,,,,,,,,
,,,,,,,,,,,,,,,,,,,,,,,,,,,,,,,
,,,,,,,,,,,,,,,,,,,,,,,,,,,,,,,
,,,,,,,,,,,,,,,,,,,,,,,,,,,,,,,
,,,,,,,,,,,,,,,,,,,,,,,,,,,,,,,
,,,,,,,,,,,,,,,,,,,,,,,,,,,,,,,
,,,,,,,,,,,,,,,,,,,,,,,,,,,,,,,
,,,,,,,,,,,,,,,,,,,,,,,,,,,,,,,
,,,,,,,,,,,,,,,,,,,,,,,,,,,,,,,
,,,,,,,,,,,,,,,,,,,,,,,,,,,,,,,
,,,,,,,,,,,,,,,,,,,,,,,,,,,,,,,
,,,,,,,,,,,,,,,,,,,,,,,,,,,,,,,
,,,,,,,,,,,,,,,,,,,,,,,,,,,,,,,
,,,,,,,,,,,,,,,,,,,,,,,,,,,,,,,
,,,,,,,,,,,,,,,,,,,,,,,,,,,,,,,
,,,,,,,,,,,,,,,,,,,,,,,,,,,,,,,
,,,,,,,,,,,,,,,,,,,,,,,,,,,,,,,
,,,,,,,,,,,,,,,,,,,,,,,,,,,,,,,
,,,,,,,,,,,,,,,,,,,,,,,,,,,,,,,
,,,,,,,,,,,,,,,,,,,,,,,,,,,,,,,
,,,,,,,,,,,,,,,,,,,,,,,,,,,,,,,
,,,,,,,,,,,,,,,,,,,,,,,,,,,,,,,
,,,,,,,,,,,,,,,,,,,,,,,,,,,,,,,
,,,,,,,,,,,,,,,,,,,,,,,,,,,,,,,
,,,,,,,,,,,,,,,,,,,,,,,,,,,,,,,
,,,,,,,,,,,,,,,,,,,,,,,,,,,,,,,
,,,,,,,,,,,,,,,,,,,,,,,,,,,,,,,
,,,,,,,,,,,,,,,,,,,,,,,,,,,,,,,
,,,,,,,,,,,,,,,,,,,,,,,,,,,,,,,
,,,,,,,,,,,,,,,,,,,,,,,,,,,,,,,
,,,,,,,,,,,,,,,,,,,,,,,,,,,,,,,
,,,,,,,,,,,,,,,,,,,,,,,,,,,,,,,
,,,,,,,,,,,,,,,,,,,,,,,,,,,,,,,
,,,,,,,,,,,,,,,,,,,,,,,,,,,,,,,
,,,,,,,,,,,,,,,,,,,,,,,,,,,,,,,
,,,,,,,,,,,,,,,,,,,,,,,,,,,,,,,
,,,,,,,,,,,,,,,,,,,,,,,,,,,,,,,
,,,,,,,,,,,,,,,,,,,,,,,,,,,,,,,
,,,,,,,,,,,,,,,,,,,,,,,,,,,,,,,
,,,,,,,,,,,,,,,,,,,,,,,,,,,,,,,
,,,,,,,,,,,,,,,,,,,,,,,,,,,,,,,
,,,,,,,,,,,,,,,,,,,,,,,,,,,,,,,
,,,,,,,,,,,,,,,,,,,,,,,,,,,,,,,
,,,,,,,,,,,,,,,,,,,,,,,,,,,,,,,
,,,,,,,,,,,,,,,,,,,,,,,,,,,,,,,
,,,,,,,,,,,,,,,,,,,,,,,,,,,,,,,
,,,,,,,,,,,,,,,,,,,,,,,,,,,,,,,
,,,,,,,,,,,,,,,,,,,,,,,,,,,,,,,
,,,,,,,,,,,,,,,,,,,,,,,,,,,,,,,
,,,,,,,,,,,,,,,,,,,,,,,,,,,,,,,
,,,,,,,,,,,,,,,,,,,,,,,,,,,,,,,
,,,,,,,,,,,,,,,,,,,,,,,,,,,,,,,
,,,,,,,,,,,,,,,,,,,,,,,,,,,,,,,
,,,,,,,,,,,,,,,,,,,,,,,,,,,,,,,
,,,,,,,,,,,,,,,,,,,,,,,,,,,,,,,
,,,,,,,,,,,,,,,,,,,,,,,,,,,,,,,
,,,,,,,,,,,,,,,,,,,,,,,,,,,,,,,
,,,,,,,,,,,,,,,,,,,,,,,,,,,,,,,
,,,,,,,,,,,,,,,,,,,,,,,,,,,,,,,
,,,,,,,,,,,,,,,,,,,,,,,,,,,,,,,
,,,,,,,,,,,,,,,,,,,,,,,,,,,,,,,
,,,,,,,,,,,,,,,,,,,,,,,,,,,,,,,
,,,,,,,,,,,,,,,,,,,,,,,,,,,,,,,
,,,,,,,,,,,,,,,,,,,,,,,,,,,,,,,
,,,,,,,,,,,,,,,,,,,,,,,,,,,,,,,
,,,,,,,,,,,,,,,,,,,,,,,,,,,,,,,
,,,,,,,,,,,,,,,,,,,,,,,,,,,,,,,
,,,,,,,,,,,,,,,,,,,,,,,,,,,,,,,
,,,,,,,,,,,,,,,,,,,,,,,,,,,,,,,
,,,,,,,,,,,,,,,,,,,,,,,,,,,,,,,
,,,,,,,,,,,,,,,,,,,,,,,,,,,,,,,
,,,,,,,,,,,,,,,,,,,,,,,,,,,,,,,
,,,,,,,,,,,,,,,,,,,,,,,,,,,,,,,
,,,,,,,,,,,,,,,,,,,,,,,,,,,,,,,
,,,,,,,,,,,,,,,,,,,,,,,,,,,,,,,
,,,,,,,,,,,,,,,,,,,,,,,,,,,,,,,
,,,,,,,,,,,,,,,,,,,,,,,,,,,,,,,
,,,,,,,,,,,,,,,,,,,,,,,,,,,,,,,
,,,,,,,,,,,,,,,,,,,,,,,,,,,,,,,
,,,,,,,,,,,,,,,,,,,,,,,,,,,,,,,
,,,,,,,,,,,,,,,,,,,,,,,,,,,,,,,
,,,,,,,,,,,,,,,,,,,,,,,,,,,,,,,
,,,,,,,,,,,,,,,,,,,,,,,,,,,,,,,
,,,,,,,,,,,,,,,,,,,,,,,,,,,,,,,
,,,,,,,,,,,,,,,,,,,,,,,,,,,,,,,
,,,,,,,,,,,,,,,,,,,,,,,,,,,,,,,
,,,,,,,,,,,,,,,,,,,,,,,,,,,,,,,
,,,,,,,,,,,,,,,,,,,,,,,,,,,,,,,
,,,,,,,,,,,,,,,,,,,,,,,,,,,,,,,
,,,,,,,,,,,,,,,,,,,,,,,,,,,,,,,
,,,,,,,,,,,,,,,,,,,,,,,,,,,,,,,
,,,,,,,,,,,,,,,,,,,,,,,,,,,,,,,
,,,,,,,,,,,,,,,,,,,,,,,,,,,,,,,
,,,,,,,,,,,,,,,,,,,,,,,,,,,,,,,
,,,,,,,,,,,,,,,,,,,,,,,,,,,,,,,
,,,,,,,,,,,,,,,,,,,,,,,,,,,,,,,
,,,,,,,,,,,,,,,,,,,,,,,,,,,,,,,
,,,,,,,,,,,,,,,,,,,,,,,,,,,,,,,
,,,,,,,,,,,,,,,,,,,,,,,,,,,,,,,
,,,,,,,,,,,,,,,,,,,,,,,,,,,,,,,
,,,,,,,,,,,,,,,,,,,,,,,,,,,,,,,
,,,,,,,,,,,,,,,,,,,,,,,,,,,,,,,
,,,,,,,,,,,,,,,,,,,,,,,,,,,,,,,
,,,,,,,,,,,,,,,,,,,,,,,,,,,,,,,
,,,,,,,,,,,,,,,,,,,,,,,,,,,,,,,
,,,,,,,,,,,,,,,,,,,,,,,,,,,,,,,
,,,,,,,,,,,,,,,,,,,,,,,,,,,,,,,
,,,,,,,,,,,,,,,,,,,,,,,,,,,,,,,
,,,,,,,,,,,,,,,,,,,,,,,,,,,,,,,
,,,,,,,,,,,,,,,,,,,,,,,,,,,,,,,
,,,,,,,,,,,,,,,,,,,,,,,,,,,,,,,
,,,,,,,,,,,,,,,,,,,,,,,,,,,,,,,
,,,,,,,,,,,,,,,,,,,,,,,,,,,,,,,
,,,,,,,,,,,,,,,,,,,,,,,,,,,,,,,
,,,,,,,,,,,,,,,,,,,,,,,,,,,,,,,
,,,,,,,,,,,,,,,,,,,,,,,,,,,,,,,
,,,,,,,,,,,,,,,,,,,,,,,,,,,,,,,
,,,,,,,,,,,,,,,,,,,,,,,,,,,,,,,
,,,,,,,,,,,,,,,,,,,,,,,,,,,,,,,
,,,,,,,,,,,,,,,,,,,,,,,,,,,,,,,
,,,,,,,,,,,,,,,,,,,,,,,,,,,,,,,
,,,,,,,,,,,,,,,,,,,,,,,,,,,,,,,
,,,,,,,,,,,,,,,,,,,,,,,,,,,,,,,
,,,,,,,,,,,,,,,,,,,,,,,,,,,,,,,
,,,,,,,,,,,,,,,,,,,,,,,,,,,,,,,
,,,,,,,,,,,,,,,,,,,,,,,,,,,,,,,
,,,,,,,,,,,,,,,,,,,,,,,,,,,,,,,
,,,,,,,,,,,,,,,,,,,,,,,,,,,,,,,
,,,,,,,,,,,,,,,,,,,,,,,,,,,,,,,
,,,,,,,,,,,,,,,,,,,,,,,,,,,,,,,
,,,,,,,,,,,,,,,,,,,,,,,,,,,,,,,
,,,,,,,,,,,,,,,,,,,,,,,,,,,,,,,
,,,,,,,,,,,,,,,,,,,,,,,,,,,,,,,
,,,,,,,,,,,,,,,,,,,,,,,,,,,,,,,
,,,,,,,,,,,,,,,,,,,,,,,,,,,,,,,
,,,,,,,,,,,,,,,,,,,,,,,,,,,,,,,
,,,,,,,,,,,,,,,,,,,,,,,,,,,,,,,
,,,,,,,,,,,,,,,,,,,,,,,,,,,,,,,
,,,,,,,,,,,,,,,,,,,,,,,,,,,,,,,
,,,,,,,,,,,,,,,,,,,,,,,,,,,,,,,
,,,,,,,,,,,,,,,,,,,,,,,,,,,,,,,
,,,,,,,,,,,,,,,,,,,,,,,,,,,,,,,
,,,,,,,,,,,,,,,,,,,,,,,,,,,,,,,
,,,,,,,,,,,,,,,,,,,,,,,,,,,,,,,
,,,,,,,,,,,,,,,,,,,,,,,,,,,,,,,
,,,,,,,,,,,,,,,,,,,,,,,,,,,,,,,
,,,,,,,,,,,,,,,,,,,,,,,,,,,,,,,
,,,,,,,,,,,,,,,,,,,,,,,,,,,,,,,
,,,,,,,,,,,,,,,,,,,,,,,,,,,,,,,
,,,,,,,,,,,,,,,,,,,,,,,,,,,,,,,
,,,,,,,,,,,,,,,,,,,,,,,,,,,,,,,
,,,,,,,,,,,,,,,,,,,,,,,,,,,,,,,
,,,,,,,,,,,,,,,,,,,,,,,,,,,,,,,
,,,,,,,,,,,,,,,,,,,,,,,,,,,,,,,
,,,,,,,,,,,,,,,,,,,,,,,,,,,,,,,
,,,,,,,,,,,,,,,,,,,,,,,,,,,,,,,
,,,,,,,,,,,,,,,,,,,,,,,,,,,,,,,
,,,,,,,,,,,,,,,,,,,,,,,,,,,,,,,
,,,,,,,,,,,,,,,,,,,,,,,,,,,,,,,
,,,,,,,,,,,,,,,,,,,,,,,,,,,,,,,
,,,,,,,,,,,,,,,,,,,,,,,,,,,,,,,
,,,,,,,,,,,,,,,,,,,,,,,,,,,,,,,
,,,,,,,,,,,,,,,,,,,,,,,,,,,,,,,
,,,,,,,,,,,,,,,,,,,,,,,,,,,,,,,
,,,,,,,,,,,,,,,,,,,,,,,,,,,,,,,
,,,,,,,,,,,,,,,,,,,,,,,,,,,,,,,
,,,,,,,,,,,,,,,,,,,,,,,,,,,,,,,
,,,,,,,,,,,,,,,,,,,,,,,,,,,,,,,
,,,,,,,,,,,,,,,,,,,,,,,,,,,,,,,
,,,,,,,,,,,,,,,,,,,,,,,,,,,,,,,
,,,,,,,,,,,,,,,,,,,,,,,,,,,,,,,
,,,,,,,,,,,,,,,,,,,,,,,,,,,,,,,
,,,,,,,,,,,,,,,,,,,,,,,,,,,,,,,
,,,,,,,,,,,,,,,,,,,,,,,,,,,,,,,
,,,,,,,,,,,,,,,,,,,,,,,,,,,,,,,
,,,,,,,,,,,,,,,,,,,,,,,,,,,,,,,
,,,,,,,,,,,,,,,,,,,,,,,,,,,,,,,
,,,,,,,,,,,,,,,,,,,,,,,,,,,,,,,
,,,,,,,,,,,,,,,,,,,,,,,,,,,,,,,
,,,,,,,,,,,,,,,,,,,,,,,,,,,,,,,
,,,,,,,,,,,,,,,,,,,,,,,,,,,,,,,
,,,,,,,,,,,,,,,,,,,,,,,,,,,,,,,
,,,,,,,,,,,,,,,,,,,,,,,,,,,,,,,
,,,,,,,,,,,,,,,,,,,,,,,,,,,,,,,
,,,,,,,,,,,,,,,,,,,,,,,,,,,,,,,
,,,,,,,,,,,,,,,,,,,,,,,,,,,,,,,
,,,,,,,,,,,,,,,,,,,,,,,,,,,,,,,
,,,,,,,,,,,,,,,,,,,,,,,,,,,,,,,
,,,,,,,,,,,,,,,,,,,,,,,,,,,,,,,
,,,,,,,,,,,,,,,,,,,,,,,,,,,,,,,
,,,,,,,,,,,,,,,,,,,,,,,,,,,,,,,
,,,,,,,,,,,,,,,,,,,,,,,,,,,,,,,
,,,,,,,,,,,,,,,,,,,,,,,,,,,,,,,
,,,,,,,,,,,,,,,,,,,,,,,,,,,,,,,
,,,,,,,,,,,,,,,,,,,,,,,,,,,,,,,
,,,,,,,,,,,,,,,,,,,,,,,,,,,,,,,
,,,,,,,,,,,,,,,,,,,,,,,,,,,,,,,
,,,,,,,,,,,,,,,,,,,,,,,,,,,,,,,
,,,,,,,,,,,,,,,,,,,,,,,,,,,,,,,
,,,,,,,,,,,,,,,,,,,,,,,,,,,,,,,
,,,,,,,,,,,,,,,,,,,,,,,,,,,,,,,
,,,,,,,,,,,,,,,,,,,,,,,,,,,,,,,
,,,,,,,,,,,,,,,,,,,,,,,,,,,,,,,
,,,,,,,,,,,,,,,,,,,,,,,,,,,,,,,
,,,,,,,,,,,,,,,,,,,,,,,,,,,,,,,
,,,,,,,,,,,,,,,,,,,,,,,,,,,,,,,
,,,,,,,,,,,,,,,,,,,,,,,,,,,,,,,
,,,,,,,,,,,,,,,,,,,,,,,,,,,,,,,
,,,,,,,,,,,,,,,,,,,,,,,,,,,,,,,
,,,,,,,,,,,,,,,,,,,,,,,,,,,,,,,
,,,,,,,,,,,,,,,,,,,,,,,,,,,,,,,
,,,,,,,,,,,,,,,,,,,,,,,,,,,,,,,
,,,,,,,,,,,,,,,,,,,,,,,,,,,,,,,
,,,,,,,,,,,,,,,,,,,,,,,,,,,,,,,
,,,,,,,,,,,,,,,,,,,,,,,,,,,,,,,
,,,,,,,,,,,,,,,,,,,,,,,,,,,,,,,
,,,,,,,,,,,,,,,,,,,,,,,,,,,,,,,
,,,,,,,,,,,,,,,,,,,,,,,,,,,,,,,
,,,,,,,,,,,,,,,,,,,,,,,,,,,,,,,
,,,,,,,,,,,,,,,,,,,,,,,,,,,,,,,
,,,,,,,,,,,,,,,,,,,,,,,,,,,,,,,
,,,,,,,,,,,,,,,,,,,,,,,,,,,,,,,
,,,,,,,,,,,,,,,,,,,,,,,,,,,,,,,
,,,,,,,,,,,,,,,,,,,,,,,,,,,,,,,
,,,,,,,,,,,,,,,,,,,,,,,,,,,,,,,
,,,,,,,,,,,,,,,,,,,,,,,,,,,,,,,
,,,,,,,,,,,,,,,,,,,,,,,,,,,,,,,
,,,,,,,,,,,,,,,,,,,,,,,,,,,,,,,
,,,,,,,,,,,,,,,,,,,,,,,,,,,,,,,
,,,,,,,,,,,,,,,,,,,,,,,,,,,,,,,
,,,,,,,,,,,,,,,,,,,,,,,,,,,,,,,
,,,,,,,,,,,,,,,,,,,,,,,,,,,,,,,
,,,,,,,,,,,,,,,,,,,,,,,,,,,,,,,
,,,,,,,,,,,,,,,,,,,,,,,,,,,,,,,
,,,,,,,,,,,,,,,,,,,,,,,,,,,,,,,
,,,,,,,,,,,,,,,,,,,,,,,,,,,,,,,
,,,,,,,,,,,,,,,,,,,,,,,,,,,,,,,
,,,,,,,,,,,,,,,,,,,,,,,,,,,,,,,
,,,,,,,,,,,,,,,,,,,,,,,,,,,,,,,
,,,,,,,,,,,,,,,,,,,,,,,,,,,,,,,
,,,,,,,,,,,,,,,,,,,,,,,,,,,,,,,
,,,,,,,,,,,,,,,,,,,,,,,,,,,,,,,
,,,,,,,,,,,,,,,,,,,,,,,,,,,,,,,
,,,,,,,,,,,,,,,,,,,,,,,,,,,,,,,
,,,,,,,,,,,,,,,,,,,,,,,,,,,,,,,
,,,,,,,,,,,,,,,,,,,,,,,,,,,,,,,
,,,,,,,,,,,,,,,,,,,,,,,,,,,,,,,
,,,,,,,,,,,,,,,,,,,,,,,,,,,,,,,
,,,,,,,,,,,,,,,,,,,,,,,,,,,,,,,
,,,,,,,,,,,,,,,,,,,,,,,,,,,,,,,
,,,,,,,,,,,,,,,,,,,,,,,,,,,,,,,
,,,,,,,,,,,,,,,,,,,,,,,,,,,,,,,
,,,,,,,,,,,,,,,,,,,,,,,,,,,,,,,
,,,,,,,,,,,,,,,,,,,,,,,,,,,,,,,
,,,,,,,,,,,,,,,,,,,,,,,,,,,,,,,
,,,,,,,,,,,,,,,,,,,,,,,,,,,,,,,
,,,,,,,,,,,,,,,,,,,,,,,,,,,,,,,
,,,,,,,,,,,,,,,,,,,,,,,,,,,,,,,
,,,,,,,,,,,,,,,,,,,,,,,,,,,,,,,
,,,,,,,,,,,,,,,,,,,,,,,,,,,,,,,
,,,,,,,,,,,,,,,,,,,,,,,,,,,,,,,
,,,,,,,,,,,,,,,,,,,,,,,,,,,,,,,
,,,,,,,,,,,,,,,,,,,,,,,,,,,,,,,
,,,,,,,,,,,,,,,,,,,,,,,,,,,,,,,
,,,,,,,,,,,,,,,,,,,,,,,,,,,,,,,
,,,,,,,,,,,,,,,,,,,,,,,,,,,,,,,
,,,,,,,,,,,,,,,,,,,,,,,,,,,,,,,
,,,,,,,,,,,,,,,,,,,,,,,,,,,,,,,
,,,,,,,,,,,,,,,,,,,,,,,,,,,,,,,
,,,,,,,,,,,,,,,,,,,,,,,,,,,,,,,
,,,,,,,,,,,,,,,,,,,,,,,,,,,,,,,
,,,,,,,,,,,,,,,,,,,,,,,,,,,,,,,
,,,,,,,,,,,,,,,,,,,,,,,,,,,,,,,
,,,,,,,,,,,,,,,,,,,,,,,,,,,,,,,
,,,,,,,,,,,,,,,,,,,,,,,,,,,,,,,
,,,,,,,,,,,,,,,,,,,,,,,,,,,,,,,
,,,,,,,,,,,,,,,,,,,,,,,,,,,,,,,
,,,,,,,,,,,,,,,,,,,,,,,,,,,,,,,
,,,,,,,,,,,,,,,,,,,,,,,,,,,,,,,
,,,,,,,,,,,,,,,,,,,,,,,,,,,,,,,
,,,,,,,,,,,,,,,,,,,,,,,,,,,,,,,
,,,,,,,,,,,,,,,,,,,,,,,,,,,,,,,
,,,,,,,,,,,,,,,,,,,,,,,,,,,,,,,
,,,,,,,,,,,,,,,,,,,,,,,,,,,,,,,
,,,,,,,,,,,,,,,,,,,,,,,,,,,,,,,
,,,,,,,,,,,,,,,,,,,,,,,,,,,,,,,
,,,,,,,,,,,,,,,,,,,,,,,,,,,,,,,
,,,,,,,,,,,,,,,,,,,,,,,,,,,,,,,
,,,,,,,,,,,,,,,,,,,,,,,,,,,,,,,
,,,,,,,,,,,,,,,,,,,,,,,,,,,,,,,
,,,,,,,,,,,,,,,,,,,,,,,,,,,,,,,
,,,,,,,,,,,,,,,,,,,,,,,,,,,,,,,
,,,,,,,,,,,,,,,,,,,,,,,,,,,,,,,
,,,,,,,,,,,,,,,,,,,,,,,,,,,,,,,
,,,,,,,,,,,,,,,,,,,,,,,,,,,,,,,
,,,,,,,,,,,,,,,,,,,,,,,,,,,,,,,
,,,,,,,,,,,,,,,,,,,,,,,,,,,,,,,
,,,,,,,,,,,,,,,,,,,,,,,,,,,,,,,
,,,,,,,,,,,,,,,,,,,,,,,,,,,,,,,
,,,,,,,,,,,,,,,,,,,,,,,,,,,,,,,
,,,,,,,,,,,,,,,,,,,,,,,,,,,,,,,
,,,,,,,,,,,,,,,,,,,,,,,,,,,,,,,
,,,,,,,,,,,,,,,,,,,,,,,,,,,,,,,
,,,,,,,,,,,,,,,,,,,,,,,,,,,,,,,
,,,,,,,,,,,,,,,,,,,,,,,,,,,,,,,
,,,,,,,,,,,,,,,,,,,,,,,,,,,,,,,
,,,,,,,,,,,,,,,,,,,,,,,,,,,,,,,
,,,,,,,,,,,,,,,,,,,,,,,,,,,,,,,
,,,,,,,,,,,,,,,,,,,,,,,,,,,,,,,
,,,,,,,,,,,,,,,,,,,,,,,,,,,,,,,
,,,,,,,,,,,,,,,,,,,,,,,,,,,,,,,
,,,,,,,,,,,,,,,,,,,,,,,,,,,,,,,
,,,,,,,,,,,,,,,,,,,,,,,,,,,,,,,
,,,,,,,,,,,,,,,,,,,,,,,,,,,,,,,
,,,,,,,,,,,,,,,,,,,,,,,,,,,,,,,
,,,,,,,,,,,,,,,,,,,,,,,,,,,,,,,
,,,,,,,,,,,,,,,,,,,,,,,,,,,,,,,
,,,,,,,,,,,,,,,,,,,,,,,,,,,,,,,
,,,,,,,,,,,,,,,,,,,,,,,,,,,,,,,
,,,,,,,,,,,,,,,,,,,,,,,,,,,,,,,
,,,,,,,,,,,,,,,,,,,,,,,,,,,,,,,
,,,,,,,,,,,,,,,,,,,,,,,,,,,,,,,
,,,,,,,,,,,,,,,,,,,,,,,,,,,,,,,
,,,,,,,,,,,,,,,,,,,,,,,,,,,,,,,
,,,,,,,,,,,,,,,,,,,,,,,,,,,,,,,
,,,,,,,,,,,,,,,,,,,,,,,,,,,,,,,
,,,,,,,,,,,,,,,,,,,,,,,,,,,,,,,
,,,,,,,,,,,,,,,,,,,,,,,,,,,,,,,
,,,,,,,,,,,,,,,,,,,,,,,,,,,,,,,
,,,,,,,,,,,,,,,,,,,,,,,,,,,,,,,
,,,,,,,,,,,,,,,,,,,,,,,,,,,,,,,
,,,,,,,,,,,,,,,,,,,,,,,,,,,,,,,
,,,,,,,,,,,,,,,,,,,,,,,,,,,,,,,
,,,,,,,,,,,,,,,,,,,,,,,,,,,,,,,
,,,,,,,,,,,,,,,,,,,,,,,,,,,,,,,
,,,,,,,,,,,,,,,,,,,,,,,,,,,,,,,
,,,,,,,,,,,,,,,,,,,,,,,,,,,,,,,
,,,,,,,,,,,,,,,,,,,,,,,,,,,,,,,
,,,,,,,,,,,,,,,,,,,,,,,,,,,,,,,
,,,,,,,,,,,,,,,,,,,,,,,,,,,,,,,
,,,,,,,,,,,,,,,,,,,,,,,,,,,,,,,
,,,,,,,,,,,,,,,,,,,,,,,,,,,,,,,
,,,,,,,,,,,,,,,,,,,,,,,,,,,,,,,
,,,,,,,,,,,,,,,,,,,,,,,,,,,,,,,
,,,,,,,,,,,,,,,,,,,,,,,,,,,,,,,
,,,,,,,,,,,,,,,,,,,,,,,,,,,,,,,
,,,,,,,,,,,,,,,,,,,,,,,,,,,,,,,
,,,,,,,,,,,,,,,,,,,,,,,,,,,,,,,
,,,,,,,,,,,,,,,,,,,,,,,,,,,,,,,
,,,,,,,,,,,,,,,,,,,,,,,,,,,,,,,
,,,,,,,,,,,,,,,,,,,,,,,,,,,,,,,
,,,,,,,,,,,,,,,,,,,,,,,,,,,,,,,
,,,,,,,,,,,,,,,,,,,,,,,,,,,,,,,
,,,,,,,,,,,,,,,,,,,,,,,,,,,,,,,
,,,,,,,,,,,,,,,,,,,,,,,,,,,,,,,
,,,,,,,,,,,,,,,,,,,,,,,,,,,,,,,
,,,,,,,,,,,,,,,,,,,,,,,,,,,,,,,
,,,,,,,,,,,,,,,,,,,,,,,,,,,,,,,
,,,,,,,,,,,,,,,,,,,,,,,,,,,,,,,
,,,,,,,,,,,,,,,,,,,,,,,,,,,,,,,
,,,,,,,,,,,,,,,,,,,,,,,,,,,,,,,
,,,,,,,,,,,,,,,,,,,,,,,,,,,,,,,
,,,,,,,,,,,,,,,,,,,,,,,,,,,,,,,
,,,,,,,,,,,,,,,,,,,,,,,,,,,,,,,
,,,,,,,,,,,,,,,,,,,,,,,,,,,,,,,
,,,,,,,,,,,,,,,,,,,,,,,,,,,,,,,
,,,,,,,,,,,,,,,,,,,,,,,,,,,,,,,
,,,,,,,,,,,,,,,,,,,,,,,,,,,,,,,
,,,,,,,,,,,,,,,,,,,,,,,,,,,,,,,
,,,,,,,,,,,,,,,,,,,,,,,,,,,,,,,
,,,,,,,,,,,,,,,,,,,,,,,,,,,,,,,
,,,,,,,,,,,,,,,,,,,,,,,,,,,,,,,
,,,,,,,,,,,,,,,,,,,,,,,,,,,,,,,
,,,,,,,,,,,,,,,,,,,,,,,,,,,,,,,
,,,,,,,,,,,,,,,,,,,,,,,,,,,,,,,
,,,,,,,,,,,,,,,,,,,,,,,,,,,,,,,
,,,,,,,,,,,,,,,,,,,,,,,,,,,,,,,
,,,,,,,,,,,,,,,,,,,,,,,,,,,,,,,
,,,,,,,,,,,,,,,,,,,,,,,,,,,,,,,
,,,,,,,,,,,,,,,,,,,,,,,,,,,,,,,
,,,,,,,,,,,,,,,,,,,,,,,,,,,,,,,
,,,,,,,,,,,,,,,,,,,,,,,,,,,,,,,
,,,,,,,,,,,,,,,,,,,,,,,,,,,,,,,
,,,,,,,,,,,,,,,,,,,,,,,,,,,,,,,
,,,,,,,,,,,,,,,,,,,,,,,,,,,,,,,
,,,,,,,,,,,,,,,,,,,,,,,,,,,,,,,
,,,,,,,,,,,,,,,,,,,,,,,,,,,,,,,
,,,,,,,,,,,,,,,,,,,,,,,,,,,,,,,
,,,,,,,,,,,,,,,,,,,,,,,,,,,,,,,
,,,,,,,,,,,,,,,,,,,,,,,,,,,,,,,
,,,,,,,,,,,,,,,,,,,,,,,,,,,,,,,
,,,,,,,,,,,,,,,,,,,,,,,,,,,,,,,
,,,,,,,,,,,,,,,,,,,,,,,,,,,,,,,
,,,,,,,,,,,,,,,,,,,,,,,,,,,,,,,
,,,,,,,,,,,,,,,,,,,,,,,,,,,,,,,
,,,,,,,,,,,,,,,,,,,,,,,,,,,,,,,
,,,,,,,,,,,,,,,,,,,,,,,,,,,,,,,
,,,,,,,,,,,,,,,,,,,,,,,,,,,,,,,
,,,,,,,,,,,,,,,,,,,,,,,,,,,,,,,
,,,,,,,,,,,,,,,,,,,,,,,,,,,,,,,
,,,,,,,,,,,,,,,,,,,,,,,,,,,,,,,
,,,,,,,,,,,,,,,,,,,,,,,,,,,,,,,
,,,,,,,,,,,,,,,,,,,,,,,,,,,,,,,
,,,,,,,,,,,,,,,,,,,,,,,,,,,,,,,
,,,,,,,,,,,,,,,,,,,,,,,,,,,,,,,
,,,,,,,,,,,,,,,,,,,,,,,,,,,,,,,
,,,,,,,,,,,,,,,,,,,,,,,,,,,,,,,
,,,,,,,,,,,,,,,,,,,,,,,,,,,,,,,
,,,,,,,,,,,,,,,,,,,,,,,,,,,,,,,
,,,,,,,,,,,,,,,,,,,,,,,,,,,,,,,
,,,,,,,,,,,,,,,,,,,,,,,,,,,,,,,
,,,,,,,,,,,,,,,,,,,,,,,,,,,,,,,